Date,Platform,Ad_Spend,Impressions,Clicks,CTR,Conversions,Conversion_Rate,Revenue
2026-06-08,Google,409.31,5332.0,185.0,3.47,9,4.864864864864865,655.63
2026-08-26,Facebook,758.88,,899.0,8.66,37,4.115684093437152,3244.35
2026-06-11,Facebook,503.38,6375.0,321.0,5.04,17,5.29595015576324,1612.57
2025-02-01,Facebook,447.23,4813.0,146.0,3.03,4,2.73972602739726,180.13
2026-09-09,Facebook,338.34,2706.0,304.0,11.23,21,6.907894736842106,1240.05
2026-08-09,Facebook,480.98,7034.0,326.0,4.63,18,5.521472392638037,1504.92
2026-03-21,Google,477.77,6321.0,,4.35,20,7.2727272727272725,1915.22
2027-01-03,Google,413.98,3509.0,199.0,5.67,12,6.030150753768844,498.63
2025-03-18,Google,400.12,4027.0,371.0,9.21,32,8.62533692722372,1815.82
2026-02-16,Google,339.92,3461.0,311.0,8.99,25,8.038585209003216,1018.2
2026-07-23,Google,335.97,2927.0,262.0,8.95,28,10.687022900763358,2889.89
2025-03-12,Google,425.22,6087.0,563.0,9.25,38,6.74955595026643,3899.55
2026-11-07,Google,288.71,3007.0,196.0,6.52,12,6.122448979591836,780.33
2025-04-12,GOOGLE,436.3,5326.0,426.0,8.0,29,6.807511737089202,2010.79
2027-06-14,Google,693.85,6087.0,403.0,6.62,37,9.181141439205955,
2027-07-15,Facebook,4710.5,5989.0,495.0,8.27,29,5.858585858585859,24143.800000000003
2026-09-22,Facebook,469.9,5940.0,389.0,6.55,21,5.3984575835475574,1777.24
2025-10-27,Facebook,602.03,7449.0,443.0,5.95,22,4.966139954853273,1698.89
2027-07-14,Facebook,549.18,5009.0,197.0,3.93,12,6.091370558375635,1180.34
2026-03-01,Facebook,505.86,6784.0,209.0,3.08,8,3.827751196172249,
2025-04-07,Google,437.89,6312.0,207.0,3.28,17,8.212560386473431,
2027-06-20,Facebook,,5757.0,239.0,4.15,8,3.3472803347280333,934.14
2025-09-18,Google,702.07,5998.0,224.0,3.73,12,5.357142857142857,506.73
2025-12-17,Google,538.56,7950.0,897.0,11.28,67,7.469342251950947,6150.71
2026-06-13,Facebook,630.31,7535.0,397.0,5.27,19,4.785894206549118,894.94
2026-11-26,Facebook,405.81,4489.0,470.0,10.47,30,6.382978723404255,1765.36
2025-12-28,Google,,7650.0,525.0,6.86,51,9.714285714285714,2080.99
2026-09-04,Google,418.67,4177.0,438.0,10.49,40,9.1324200913242,2702.71
2027-06-04,Google,655.64,8252.0,378.0,4.58,24,6.349206349206349,1984.42
2026-12-22,Google,593.4,8510.0,531.0,6.24,32,6.0263653483992465,1590.16
2026-05-02,Facebook,486.65,6642.0,404.0,6.08,28,6.9306930693069315,3217.92
2026-11-25,Facebook,501.76,7421.0,507.0,6.83,25,4.930966469428008,1261.76
2026-11-10,Google,654.77,9164.0,284.0,3.1,17,5.985915492957746,757.65
2027-03-21,Facebook,510.34,6485.0,466.0,7.19,33,7.081545064377683,1566.89
2026-02-13,facebook,566.01,8345.0,509.0,6.1,38,7.465618860510806,3206.05
2027-01-11,Facebook,646.52,9446.0,620.0,6.56,40,6.451612903225806,4664.85
2025-08-02,Facebook,418.16,4538.0,437.0,9.63,24,5.491990846681922,2389.92
2026-08-13,Facebook,393.82,4463.0,302.0,6.77,18,5.960264900662252,1054.19
2026-01-01,Facebook,501.87,5310.0,349.0,6.57,24,6.876790830945559,1696.53
2025-07-19,Google,591.25,8790.0,732.0,8.33,57,7.786885245901639,4603.36
2026-09-29,Google,506.84,6952.0,698.0,10.04,53,7.593123209169055,6356.64
2026-09-21,facebook,461.28,4414.0,516.0,11.69,31,6.007751937984496,
2027-04-09,Google,538.77,5061.0,425.0,8.4,27,6.352941176470588,2705.89
2025-12-19,Google,693.65,10165.0,571.0,5.62,36,6.304728546409807,3496.2
2025-11-26,Facebook,729.68,6357.0,240.0,3.78,16,6.666666666666667,1915.97
2027-09-09,Google,589.06,7024.0,249.0,3.54,22,8.835341365461847,1959.59
2027-04-18,Facebook,409.79,4594.0,510.0,11.1,32,6.2745098039215685,3727.31
2025-09-02,Facebook,707.31,9009.0,495.0,5.49,29,5.858585858585859,1987.71
2025-10-14,Facebook,344.64,3532.0,373.0,10.56,20,5.361930294906166,1619.34
2025-10-17,Google,,6760.0,428.0,6.33,32,7.476635514018691,2181.71
2026-08-22,Facebook,427.33,3625.0,397.0,10.95,25,6.297229219143577,2544.54
2027-02-01,Facebook,712.67,7430.0,600.0,8.08,34,5.666666666666666,2626.12
2025-03-01,Facebook,474.32,6014.0,568.0,9.44,33,5.809859154929577,1874.71
2026-09-15,Facebook,642.28,6505.0,530.0,8.15,29,5.471698113207547,2266.89
2025-11-15,Facebook,609.96,4880.0,242.0,4.96,11,4.545454545454546,676.6
2025-01-11,Facebook,551.55,5258.0,464.0,8.82,33,7.112068965517242,2744.71
2025-08-26,Facebook,441.93,4645.0,181.0,3.9,11,6.077348066298343,1032.78
2025-11-28,Google,526.09,5204.0,551.0,10.59,39,7.078039927404718,2559.33
2026-12-07,Google,611.91,8321.0,407.0,4.89,30,7.371007371007371,1712.49
2025-03-28,Google,534.3,6864.0,369.0,5.38,40,10.840108401084011,2887.23
2027-03-15,Google,507.4,4958.0,168.0,3.39,11,6.547619047619048,474.81
2025-06-24,Google,490.14,7330.0,401.0,5.47,39,9.72568578553616,2652.58
2025-11-09,Facebook,587.32,5867.0,372.0,6.34,24,6.451612903225806,2447.33
2026-04-08,Google,430.2,5884.0,389.0,6.61,36,9.254498714652955,3367.16
2025-08-07,Google,431.46,4057.0,449.0,11.07,32,7.126948775055679,1913.51
2025-01-31,Google,477.58,4739.0,,7.34,26,7.471264367816093,1144.67
2026-07-02,Google,482.71,,312.0,6.45,24,7.6923076923076925,1210.21
2026-10-27,Facebook,547.96,7557.0,242.0,3.2,10,4.132231404958678,1150.98
2025-02-24,Google,495.84,6573.0,723.0,11.0,68,9.405255878284924,5775.07
2025-01-24,Facebook,444.53,4630.0,332.0,7.17,19,5.72289156626506,1015.54
2025-09-14,Google,352.91,4913.0,212.0,4.32,21,9.90566037735849,2466.01
2026-03-27,Google,433.1,6470.0,,8.95,49,8.46286701208981,2267.76
2025-01-04,Google,573.27,5373.0,,4.82,21,8.108108108108109,2161.69
2027-04-14,Facebook,4906.6,4661.0,439.0,9.42,21,4.783599088838269,
2026-07-07,Google,474.39,6322.0,720.0,11.39,72,10.0,3638.65
2026-10-01,Facebook,683.42,7241.0,862.0,11.9,40,4.640371229698376,2497.46
2026-04-23,Google,550.28,6126.0,342.0,5.58,22,6.432748538011696,1903.6
2027-08-15,Google,373.56,4402.0,431.0,9.79,25,5.800464037122969,2113.42
2026-10-25,Google,521.72,5522.0,246.0,4.45,24,9.75609756097561,2360.14
2026-06-03,Google,532.09,,330.0,5.32,32,9.696969696969697,3216.27
2027-08-19,GOOGLE,487.47,,,5.24,17,5.782312925170068,1268.56
2027-08-12,Google,463.62,5516.0,329.0,5.96,29,8.814589665653495,1583.69
2027-09-07,Google,657.79,5580.0,,6.97,33,8.483290488431876,1851.69
2026-07-30,Google,189.07,1886.0,160.0,8.48,13,8.125,889.75
2026-06-24,Facebook,,6655.0,250.0,3.76,9,3.5999999999999996,678.13
2025-08-04,Facebook,466.27,6225.0,636.0,10.22,41,6.446540880503145,2262.99
2027-01-08,Google,575.7,5945.0,620.0,10.43,53,8.548387096774194,4807.69
2027-09-26,Google,,5051.0,402.0,7.96,36,8.955223880597014,4053.49
2026-12-15,Facebook,522.15,7362.0,327.0,4.44,15,4.587155963302752,787.84
2026-10-30,Facebook,570.36,6406.0,270.0,4.21,9,3.3333333333333335,756.39
2025-02-09,Facebook,627.86,9220.0,900.0,9.76,63,7.000000000000001,4037.92
2025-08-20,Google,523.71,5937.0,384.0,6.47,33,8.59375,2822.77
2026-05-10,Facebook,645.57,5390.0,355.0,6.59,22,6.197183098591549,1231.42
2026-12-06,Facebook,,4876.0,182.0,3.73,9,4.945054945054945,502.01
2027-08-26,Facebook,560.13,4940.0,373.0,7.55,20,5.361930294906166,937.27
2025-03-08,Facebook,534.7,6570.0,733.0,11.16,49,6.684856753069577,2491.66
2025-10-22,Facebook,619.55,5489.0,,7.34,23,5.707196029776675,1629.42
2025-03-09,facebook,794.64,11217.0,848.0,7.56,78,9.19811320754717,4028.72
2026-04-25,Google,493.31,7254.0,413.0,5.69,37,8.958837772397095,3245.33
2025-11-25,Facebook,425.15,4342.0,273.0,6.29,9,3.296703296703297,965.59
2026-09-19,Facebook,,4316.0,131.0,3.04,6,4.580152671755725,716.56
2025-04-18,Google,,4111.0,243.0,5.91,20,8.23045267489712,1424.38
2027-09-11,Facebook,307.76,3945.0,452.0,11.46,31,6.8584070796460175,1406.14
2025-12-13,Google,536.32,,,7.11,28,9.15032679738562,3212.23
2025-10-26,Google,680.09,8229.0,548.0,6.66,51,9.306569343065693,6072.55
2026-10-06,Facebook,,4293.0,175.0,4.08,9,5.142857142857142,1012.14
2025-11-04,Facebook,528.65,6154.0,505.0,8.21,38,7.524752475247524,3316.05
2027-05-05,Facebook,459.83,4873.0,296.0,6.07,20,6.756756756756757,1997.88
2026-05-22,Google,279.66,3352.0,280.0,8.35,21,7.5,1773.86
2025-10-24,Google,313.21,3608.0,225.0,6.24,15,6.666666666666667,1514.32
2027-05-31,Facebook,658.05,9534.0,492.0,5.16,37,7.520325203252034,3940.49
2026-10-29,Facebook,436.57,5675.0,668.0,11.77,33,4.940119760479042,3565.53
2025-04-11,Facebook,803.23,8512.0,441.0,5.18,21,4.761904761904762,1159.84
2025-03-30,Google,579.03,7359.0,760.0,10.33,60,7.894736842105263,4783.27
2025-03-05,facebook,545.89,4405.0,227.0,5.15,12,5.286343612334802,1250.59
2027-04-24,Google,419.82,5822.0,175.0,3.01,7,4.0,350.82
2027-06-08,Facebook,600.87,5103.0,554.0,10.86,36,6.4981949458483745,2161.39
2025-05-20,Google,523.29,7483.0,641.0,8.57,50,7.800312012480499,5406.15
2027-01-28,Google,436.08,4720.0,404.0,8.56,35,8.663366336633663,2143.65
2026-09-08,Google,522.16,6975.0,447.0,6.41,35,7.829977628635347,1410.72
2026-05-15,Google,462.91,4487.0,176.0,3.92,11,6.25,797.6
2026-10-28,Facebook,421.84,5433.0,571.0,10.51,41,7.180385288966725,4280.71
2026-08-08,Google,643.59,9176.0,601.0,6.55,55,9.151414309484194,6291.66
2025-04-20,GOOGLE,633.04,6596.0,789.0,11.96,44,5.576679340937896,4967.92
2027-07-06,Facebook,379.96,3555.0,146.0,4.11,9,6.164383561643835,747.14
2026-10-13,Facebook,536.89,7228.0,488.0,6.75,33,6.762295081967213,2999.32
2026-06-18,Google,566.94,5952.0,434.0,7.29,33,7.603686635944701,2423.44
2026-03-22,Google,484.42,5482.0,642.0,11.71,45,7.009345794392523,3816.42
2026-08-29,Facebook,535.92,6889.0,536.0,7.78,35,6.529850746268656,1651.16
2025-05-17,Google,572.95,7616.0,750.0,9.85,62,8.266666666666666,6628.0
2027-03-23,Google,149.44,1302.0,48.0,3.69,4,8.333333333333332,201.2
2026-05-30,Facebook,509.82,6907.0,391.0,5.66,22,5.626598465473146,2476.09
2027-01-24,facebook,482.29,,459.0,8.18,23,5.010893246187364,1719.81
2025-06-08,Facebook,529.26,5865.0,693.0,11.82,38,5.483405483405483,4033.68
2025-11-07,Facebook,491.41,4864.0,246.0,5.06,13,5.284552845528456,
2025-11-24,Google,373.59,4926.0,501.0,10.17,41,8.183632734530939,3449.54
2025-05-17,Google,572.95,7616.0,750.0,9.85,62,8.266666666666666,6628.0
2027-07-25,Facebook,489.14,4465.0,380.0,8.51,16,4.2105263157894735,
2025-09-12,Facebook,442.02,5573.0,272.0,4.88,8,2.941176470588235,794.44
2025-10-03,Google,419.41,5431.0,564.0,10.38,62,10.99290780141844,4114.47
2027-06-21,Facebook,497.1,5207.0,427.0,8.2,27,6.323185011709602,2792.15
2025-07-04,Facebook,489.23,4693.0,148.0,3.15,10,6.756756756756757,700.95
2026-08-06,Facebook,514.35,5131.0,457.0,8.91,28,6.12691466083151,2148.94
2026-10-23,Facebook,579.55,6721.0,,8.94,38,6.322795341098169,
2027-06-16,Facebook,646.06,6569.0,600.0,9.13,43,7.166666666666667,2946.03
2025-07-29,Facebook,503.23,5760.0,282.0,4.9,20,7.092198581560284,1947.49
2025-06-18,Facebook,494.53,5965.0,684.0,11.47,36,5.263157894736842,1851.22
2027-05-17,Facebook,477.54,6178.0,581.0,9.4,44,7.573149741824441,2313.95
2025-10-08,Google,592.6,5704.0,465.0,8.15,33,7.096774193548387,1857.27
2027-06-19,Facebook,448.21,5265.0,,8.68,29,6.3457330415754925,3054.96
2026-06-26,Google,563.56,4884.0,358.0,7.33,23,6.424581005586592,2293.47
2025-02-25,Google,528.11,4487.0,368.0,8.2,22,5.978260869565218,1180.63
2025-05-01,Google,544.24,5742.0,615.0,10.71,48,7.804878048780488,4009.44
2026-07-09,Google,517.84,5565.0,433.0,7.78,37,8.545034642032332,3356.0
2025-01-26,Google,,6535.0,582.0,8.91,36,6.185567010309279,2843.64
2025-03-14,Facebook,423.51,4971.0,,10.38,37,7.170542635658915,3528.1
2026-06-23,Facebook,426.86,4376.0,213.0,4.87,10,4.694835680751173,857.83
2025-02-14,Facebook,,4377.0,375.0,8.57,22,5.866666666666666,1597.04
2026-05-13,Facebook,547.2,7415.0,774.0,10.44,51,6.5891472868217065,4999.91
2025-07-18,Google,309.93,,287.0,8.24,25,8.710801393728223,2236.21
2026-01-13,Facebook,770.29,9817.0,325.0,3.31,16,4.923076923076923,1639.0
2025-11-11,Google,587.92,7294.0,311.0,4.26,26,8.360128617363344,2189.62
2026-12-20,Facebook,622.89,7476.0,324.0,4.33,23,7.098765432098765,2603.14
2025-07-28,Facebook,473.48,5482.0,489.0,8.92,26,5.316973415132924,1118.14
2026-12-23,Facebook,433.86,3507.0,234.0,6.67,11,4.700854700854701,515.16
2027-07-08,Google,561.67,7154.0,284.0,3.97,31,10.915492957746478,3184.25
2026-06-20,Google,342.58,3289.0,205.0,6.23,21,10.24390243902439,1378.55
2026-11-27,Google,577.79,5572.0,571.0,10.25,47,8.231173380035026,5386.21
2026-08-28,Facebook,589.05,6082.0,594.0,9.77,35,5.892255892255893,
2026-08-14,Facebook,479.25,5503.0,248.0,4.51,18,7.258064516129033,
2025-10-18,Facebook,494.37,7342.0,349.0,4.75,23,6.59025787965616,2496.09
2027-08-18,Google,705.27,6489.0,740.0,11.4,59,7.972972972972974,5971.3
2025-11-29,Facebook,604.41,8400.0,853.0,10.15,53,6.213364595545135,5964.21
2025-07-30,Google,525.01,6321.0,680.0,10.76,62,9.117647058823529,5148.95
2025-12-09,Facebook,,6606.0,669.0,10.13,36,5.381165919282512,3777.02
2025-03-02,Facebook,494.06,6299.0,342.0,5.43,23,6.725146198830409,1134.05
2025-12-11,Facebook,696.01,8650.0,843.0,9.75,66,7.829181494661921,5481.28
2027-06-10,Google,471.33,5962.0,491.0,8.24,44,8.961303462321792,2744.45
2026-12-13,Google,806.98,8205.0,537.0,6.54,48,8.938547486033519,5447.12
2026-04-13,Google,407.6,4245.0,391.0,9.21,27,6.905370843989769,2787.51
2026-02-28,Facebook,565.2,,663.0,11.67,45,6.787330316742081,2110.02
2025-09-17,Facebook,625.65,7140.0,313.0,4.38,16,5.111821086261981,1318.47
2027-02-20,Google,497.44,4032.0,166.0,4.12,10,6.024096385542169,430.23
2026-02-10,Google,612.89,7456.0,575.0,7.71,46,8.0,4913.7
2027-02-28,Facebook,312.49,3807.0,348.0,9.14,19,5.459770114942529,1392.43
2027-02-07,Google,536.22,5368.0,429.0,7.99,37,8.624708624708624,
2026-04-29,Google,389.52,4969.0,201.0,4.05,19,9.45273631840796,937.46
2026-06-15,Google,497.0,5711.0,355.0,6.22,28,7.887323943661972,1838.19
2027-03-22,Google,371.34,5510.0,172.0,3.12,11,6.395348837209303,815.86
2027-09-27,Facebook,416.91,3556.0,297.0,8.35,13,4.377104377104377,647.38
2027-08-25,Google,617.02,7551.0,457.0,6.05,44,9.62800875273523,2850.66
2025-04-21,Facebook,598.46,,566.0,10.42,32,5.6537102473498235,2698.49
2027-09-23,Facebook,341.6,3171.0,304.0,9.59,27,8.881578947368421,1222.19
2026-07-13,Google,453.42,5459.0,242.0,4.43,14,5.785123966942149,1294.09
2027-03-05,Google,337.21,4927.0,248.0,5.03,23,9.274193548387096,1237.87
2027-07-26,Facebook,539.84,,513.0,11.07,32,6.237816764132553,3583.01
2027-07-09,Facebook,521.55,7231.0,528.0,7.3,31,5.871212121212121,2219.12
2027-08-01,Google,588.66,5143.0,370.0,7.19,36,9.72972972972973,1817.32
2025-11-16,Facebook,541.58,6270.0,291.0,4.64,14,4.810996563573884,583.56
2026-06-01,Facebook,610.29,8913.0,924.0,10.37,54,5.844155844155844,2528.94
2026-03-26,Facebook,765.26,10328.0,,7.23,48,6.425702811244979,1942.52
2027-02-23,Facebook,606.09,7716.0,819.0,10.61,51,6.227106227106227,2253.58
2026-08-17,Facebook,306.37,2850.0,144.0,5.05,7,4.861111111111112,512.46
2027-06-29,Facebook,468.93,5411.0,253.0,4.68,12,4.743083003952568,752.92
2027-01-14,Google,384.87,4782.0,298.0,6.23,26,8.724832214765101,1671.0
2025-05-18,Google,522.39,5855.0,196.0,3.35,14,7.142857142857142,801.32
2027-03-11,Google,402.77,5139.0,181.0,3.52,20,11.049723756906078,877.54
2027-07-23,Google,,7898.0,416.0,5.27,29,6.971153846153847,1437.81
2027-04-03,Facebook,422.48,5123.0,564.0,11.01,34,6.028368794326241,2900.4
2027-02-05,Google,556.25,6330.0,582.0,9.19,52,8.934707903780069,3570.19
2025-09-19,Google,,4828.0,355.0,7.35,24,6.760563380281689,1433.58
2026-07-22,Facebook,612.12,8831.0,1010.0,11.44,50,4.9504950495049505,2290.95
2027-04-13,Facebook,605.97,5901.0,253.0,4.29,9,3.557312252964427,949.97
2026-01-17,Google,774.91,9734.0,432.0,4.44,36,8.333333333333332,1468.71
2025-11-30,Facebook,559.48,5703.0,260.0,4.56,10,3.8461538461538463,
2026-06-21,Google,372.19,4630.0,474.0,10.24,34,7.172995780590717,1727.14
2025-12-18,Google,550.63,7338.0,,3.35,26,10.569105691056912,
2027-02-25,Google,466.24,5720.0,519.0,9.07,45,8.670520231213873,4686.89
2026-03-28,Google,335.62,3964.0,386.0,9.74,33,8.549222797927461,3646.52
2025-03-20,Facebook,433.73,5222.0,598.0,11.45,34,5.68561872909699,3272.92
2025-01-30,Facebook,392.65,3502.0,313.0,8.94,20,6.3897763578274756,1664.35
2026-12-14,Facebook,432.29,4336.0,336.0,7.75,18,5.357142857142857,2021.92
2025-10-05,Google,640.73,5452.0,368.0,6.75,30,8.152173913043478,3256.68
2025-09-05,Google,514.4,4166.0,237.0,5.69,22,9.282700421940929,2341.16
2026-10-20,Facebook,,9008.0,588.0,6.53,40,6.802721088435375,1775.18
2025-11-03,Google,623.63,7400.0,600.0,8.11,42,7.000000000000001,2581.44
2025-06-15,Google,371.59,5486.0,497.0,9.06,40,8.048289738430583,2982.77
2027-03-28,Google,5743.0,8270.0,656.0,7.93,54,8.231707317073171,4311.14
2025-06-28,Google,568.37,7016.0,323.0,4.6,28,8.6687306501548,2873.75
2026-05-01,Google,330.35,3278.0,364.0,11.1,25,6.868131868131869,2073.72
2025-03-07,Google,559.09,8046.0,,6.82,46,8.378870673952642,2933.75
2025-05-22,Facebook,376.82,5536.0,477.0,8.62,29,6.079664570230608,3421.44
2026-03-13,Facebook,419.18,5643.0,644.0,11.41,40,6.211180124223603,4015.78
2026-06-07,Google,479.0,5431.0,187.0,3.44,15,8.02139037433155,921.2
2027-04-25,Facebook,724.8,9883.0,538.0,5.44,31,5.762081784386617,3329.54
2026-02-25,Google,515.03,4553.0,439.0,9.64,35,7.972665148063782,4108.52
2026-02-09,Facebook,381.24,4466.0,466.0,10.43,29,6.223175965665236,1217.58
2026-11-11,Google,580.78,7496.0,756.0,10.09,70,9.25925925925926,3419.04
2025-09-23,Google,606.04,5319.0,225.0,4.23,23,10.222222222222223,2286.45
2027-05-30,Facebook,636.79,7283.0,473.0,6.49,27,5.708245243128964,1483.43
2025-10-20,Google,509.22,5349.0,517.0,9.67,39,7.543520309477756,2181.37
2025-08-10,Google,610.96,6765.0,486.0,7.18,35,7.20164609053498,3708.65
2027-04-08,facebook,694.96,6004.0,228.0,3.8,12,5.263157894736842,499.32
2025-08-24,Google,523.75,4682.0,338.0,7.22,26,7.6923076923076925,1993.07
2026-06-10,Facebook,,4896.0,348.0,7.11,26,7.471264367816093,2904.21
2025-07-12,Google,600.88,,394.0,7.39,36,9.137055837563452,2239.27
2025-11-18,Google,152.45,1514.0,84.0,5.55,7,8.333333333333332,298.19
2025-02-19,Facebook,466.19,4982.0,485.0,9.74,22,4.536082474226804,1981.48
2027-06-11,Google,455.98,6462.0,666.0,10.31,56,8.408408408408409,3098.02
2025-01-03,Google,545.62,6206.0,689.0,11.1,54,7.837445573294629,5625.82
2027-03-29,Facebook,746.9,8244.0,376.0,4.56,24,6.382978723404255,1555.27
2026-01-06,Facebook,381.03,5241.0,317.0,6.05,18,5.678233438485805,1311.58
2027-07-11,Facebook,558.7,7396.0,582.0,7.87,44,7.560137457044673,2290.15
2025-09-07,Google,377.26,5220.0,217.0,4.16,18,8.294930875576037,
2026-07-03,Google,354.84,3826.0,272.0,7.11,22,8.088235294117647,1488.3
2026-03-09,Google,413.79,5763.0,402.0,6.98,29,7.213930348258707,2925.53
2027-07-28,Facebook,585.13,5359.0,442.0,8.25,27,6.108597285067873,3117.55
2026-05-23,Google,560.96,5506.0,531.0,9.64,46,8.662900188323917,4414.26
2025-02-03,Google,,5695.0,566.0,9.94,37,6.5371024734982335,1576.11
2025-07-24,GOOGLE,499.57,4995.0,187.0,3.74,22,11.76470588235294,2553.31
2027-06-09,Facebook,,5259.0,628.0,11.94,58,9.235668789808917,6059.4
2026-08-12,Facebook,446.81,6015.0,203.0,3.37,15,7.389162561576355,718.26
2027-01-01,Facebook,363.0,4765.0,522.0,10.95,38,7.2796934865900385,4281.57
2025-03-19,Facebook,556.57,6346.0,341.0,5.37,21,6.158357771260997,961.84
2025-03-26,Facebook,426.47,5359.0,266.0,4.96,13,4.887218045112782,788.9
2025-11-02,GOOGLE,551.6,7517.0,344.0,4.58,23,6.686046511627906,2331.0
2025-03-24,Facebook,685.7,7132.0,336.0,4.71,17,5.059523809523809,802.97
2026-03-25,Facebook,615.67,8988.0,469.0,5.22,29,6.183368869936034,2464.1
2027-09-25,Facebook,495.56,7026.0,247.0,3.52,20,8.097165991902834,1715.04
2027-01-22,Google,287.79,4277.0,433.0,10.12,30,6.928406466512701,2016.54
2026-06-16,Google,598.13,4835.0,503.0,10.4,44,8.747514910536779,2387.73
2025-11-20,Facebook,483.25,4078.0,478.0,11.72,28,5.857740585774058,2327.79
2026-05-11,Facebook,517.01,7189.0,427.0,5.94,25,5.85480093676815,1742.54
2027-06-30,Google,570.4,8320.0,268.0,3.22,25,9.328358208955224,2171.56
2025-01-06,Facebook,629.69,,683.0,10.89,47,6.881405563689605,3008.25
2026-03-02,Google,504.87,5869.0,554.0,9.44,38,6.859205776173286,3048.46
2026-05-06,Facebook,630.96,5241.0,544.0,10.38,29,5.330882352941177,1734.92
2025-04-08,Facebook,526.85,5804.0,309.0,5.32,31,10.032362459546926,
2027-02-01,Facebook,712.67,7430.0,600.0,8.08,34,5.666666666666666,2626.12
2026-02-27,Facebook,514.68,4180.0,231.0,5.53,14,6.0606060606060606,
2027-06-05,Facebook,497.26,4883.0,580.0,11.88,37,6.379310344827586,1480.71
2025-10-09,Facebook,158.17,1576.0,141.0,8.95,3,2.127659574468085,329.61
2025-09-24,Google,578.28,7897.0,649.0,8.22,59,9.090909090909092,3680.5
2026-03-19,Facebook,576.05,5602.0,250.0,4.46,16,6.4,838.2
2027-01-16,Google,630.65,6891.0,374.0,5.43,40,10.695187165775401,2174.88
2026-01-18,Google,333.25,4388.0,141.0,3.21,7,4.964539007092199,327.47
2026-11-24,Google,483.92,6255.0,216.0,3.45,19,8.796296296296296,1485.26
2027-06-13,Facebook,389.31,4981.0,286.0,5.74,16,5.594405594405594,
2026-06-19,Google,501.24,7259.0,446.0,6.14,30,6.726457399103139,1802.86
2025-04-29,facebook,644.78,8214.0,799.0,9.73,53,6.633291614518148,6019.92
2026-01-24,Google,,8131.0,689.0,8.47,55,7.982583454281568,2430.26
2025-09-08,Facebook,469.11,6184.0,328.0,5.3,31,9.451219512195122,
2027-08-02,Google,573.84,5483.0,258.0,4.71,16,6.2015503875969,1409.23
2026-03-30,Google,809.57,6905.0,566.0,8.2,40,7.06713780918728,3861.77
2025-01-10,Google,300.68,2421.0,87.0,3.59,7,8.045977011494253,703.53
2025-07-16,Google,445.72,6511.0,357.0,5.48,34,9.523809523809524,3121.8
2026-09-11,Google,644.05,7508.0,795.0,10.59,57,7.169811320754717,3060.15
2025-03-23,Google,318.11,3788.0,,5.41,26,12.682926829268293,2392.53
2026-02-03,Google,381.37,3951.0,359.0,9.09,34,9.47075208913649,1973.81
2026-05-17,Google,481.7,4517.0,324.0,7.17,18,5.555555555555555,1498.79
2026-09-27,Facebook,422.78,4344.0,500.0,11.51,28,5.6000000000000005,2994.57
2025-08-28,Facebook,550.9,5482.0,237.0,4.32,13,5.485232067510549,1004.35
2025-11-06,Facebook,476.44,6397.0,563.0,8.8,41,7.282415630550622,4727.39
2025-07-31,Google,254.99,3584.0,393.0,10.97,27,6.870229007633588,2178.8
2027-04-15,Facebook,478.34,4733.0,266.0,5.62,17,6.390977443609022,1415.44
2026-01-16,Facebook,200.07,1791.0,188.0,10.5,12,6.382978723404255,935.48
2026-08-25,Facebook,441.45,4796.0,418.0,8.72,24,5.741626794258373,1781.12
2025-08-16,Facebook,576.22,6668.0,690.0,10.35,48,6.956521739130435,4645.39
2027-05-24,Facebook,,4597.0,371.0,8.07,24,6.46900269541779,2073.1
2025-12-26,Google,,6145.0,269.0,4.38,21,7.806691449814126,1650.59
2027-03-25,Google,608.47,6714.0,218.0,3.25,18,8.256880733944955,1404.25
2025-06-27,Facebook,554.81,6649.0,558.0,8.39,36,6.451612903225806,2337.16
2027-09-22,Facebook,410.9,4585.0,204.0,4.45,18,8.823529411764707,1878.3
2027-01-27,Google,561.63,4938.0,355.0,7.19,36,10.140845070422536,3654.04
2026-05-09,Facebook,462.03,4372.0,484.0,11.07,27,5.578512396694215,2653.55
2025-12-01,Facebook,518.05,7005.0,634.0,9.05,39,6.151419558359621,3480.14
2027-06-12,Google,452.99,6205.0,,5.93,26,7.065217391304348,2088.87
2025-01-08,Google,555.1,6448.0,507.0,7.86,39,7.6923076923076925,2448.19
2025-06-05,Facebook,439.75,5185.0,401.0,7.73,20,4.987531172069826,1383.31
2027-04-23,Facebook,610.31,8947.0,506.0,5.66,32,6.324110671936759,
2027-01-21,Facebook,516.91,5698.0,672.0,11.79,38,5.654761904761905,3404.8
2027-07-31,Google,468.85,4913.0,430.0,8.75,34,7.906976744186046,
2026-04-28,Facebook,564.65,6495.0,290.0,4.46,19,6.551724137931035,1555.4
2027-04-27,Facebook,446.32,6484.0,580.0,8.95,30,5.172413793103448,2785.13
2027-01-20,Google,365.65,3632.0,432.0,11.89,35,8.101851851851851,1632.16
2027-06-23,Google,538.92,7288.0,678.0,9.3,54,7.964601769911504,4291.24
2026-08-15,Google,705.41,6653.0,726.0,10.91,53,7.300275482093664,5612.68
2027-08-11,Facebook,497.67,6128.0,571.0,9.32,27,4.728546409807356,2167.97
2026-08-04,Facebook,498.16,5787.0,388.0,6.7,23,5.927835051546391,1617.28
2026-03-16,Facebook,757.42,7665.0,870.0,11.35,54,6.206896551724138,3557.63
2026-06-27,Facebook,491.54,5407.0,571.0,10.56,27,4.728546409807356,3009.98
2026-08-20,Google,419.71,3966.0,460.0,11.6,34,7.391304347826087,1987.6
2026-12-25,Google,499.6,4178.0,146.0,3.49,9,6.164383561643835,499.41
2026-11-09,Facebook,545.74,8104.0,668.0,8.24,36,5.389221556886228,2957.23
2026-04-24,Google,415.4,3713.0,276.0,7.43,29,10.507246376811594,2397.67
2025-08-17,Google,625.95,7753.0,827.0,10.67,66,7.980652962515116,
2027-09-02,Facebook,561.34,5293.0,,4.02,7,3.286384976525822,747.92
2027-03-26,Google,216.45,1871.0,162.0,8.66,9,5.555555555555555,588.43
2025-08-01,Google,470.34,6991.0,333.0,4.76,37,11.11111111111111,2199.65
2025-03-21,Facebook,575.95,4783.0,417.0,8.72,23,5.515587529976019,1660.65
2025-05-29,Facebook,687.86,10130.0,948.0,9.36,60,6.329113924050633,4080.03
2025-10-30,Google,461.4,4472.0,184.0,4.11,23,12.5,1722.37
2025-12-22,Google,615.69,5379.0,601.0,11.17,40,6.655574043261231,1974.61
2026-03-06,Facebook,709.95,7169.0,416.0,5.8,21,5.048076923076923,1716.68
2026-06-04,Facebook,538.6,7993.0,937.0,11.72,46,4.909284951974386,4762.42
2025-12-29,Facebook,481.99,5315.0,444.0,8.35,25,5.63063063063063,1389.68
2026-08-18,Google,676.54,6982.0,525.0,7.52,42,8.0,1980.18
2025-12-24,Google,352.69,4411.0,317.0,7.19,29,9.14826498422713,1454.34
2025-05-14,Facebook,689.29,7386.0,231.0,3.13,19,8.225108225108226,1595.81
2027-04-10,Facebook,469.72,6642.0,403.0,6.07,35,8.6848635235732,2726.57
2025-11-08,Facebook,495.53,5687.0,453.0,7.97,25,5.518763796909492,2030.38
2026-09-14,Facebook,564.4,5408.0,312.0,5.77,21,6.730769230769231,45758.0
2026-04-10,Google,422.09,4523.0,500.0,11.05,39,7.8,3028.59
2027-09-21,Google,,7086.0,462.0,6.52,37,8.008658008658008,4167.93
2025-01-01,Facebook,521.32,7715.0,500.0,6.48,36,7.199999999999999,1451.28
2025-11-13,Facebook,509.44,6745.0,314.0,4.66,17,5.414012738853503,851.55
2026-12-24,Facebook,401.82,5110.0,465.0,9.1,28,6.021505376344086,3157.15
2026-07-14,Google,520.45,5464.0,486.0,8.89,38,7.818930041152264,2228.89
2026-01-07,Facebook,241.59,3370.0,255.0,7.57,15,5.88235294117647,861.24
2026-06-29,Google,507.74,5771.0,371.0,6.43,18,4.8517520215633425,1198.08
2027-04-30,Google,602.33,7419.0,233.0,3.14,10,4.291845493562231,881.35
2026-01-30,Facebook,409.52,4043.0,394.0,9.75,20,5.0761421319796955,2152.53
2025-06-22,Google,349.82,3995.0,370.0,9.26,26,7.027027027027027,2845.64
2025-05-06,Facebook,505.57,4541.0,189.0,4.16,16,8.465608465608465,1660.7
2027-06-18,Facebook,619.8,7192.0,,4.19,21,6.976744186046512,1765.16
2026-08-02,Facebook,322.53,3565.0,140.0,3.93,14,10.0,1199.76
2027-08-07,Google,544.07,5841.0,186.0,3.18,16,8.60215053763441,1107.26
2027-07-10,Google,542.08,7595.0,628.0,8.27,44,7.006369426751593,4034.09
2025-04-01,Facebook,478.77,4856.0,,9.84,34,7.112970711297072,2450.64
2027-08-29,Google,175.61,2255.0,270.0,11.97,29,10.74074074074074,2759.13
2025-07-01,Facebook,659.5,5458.0,,9.0,27,5.4989816700611,2760.28
2025-12-30,Google,515.07,5770.0,692.0,11.99,61,8.815028901734104,4837.69
2025-10-02,Google,433.96,5885.0,338.0,5.74,20,5.9171597633136095,1597.1
2027-07-02,Google,604.56,5270.0,368.0,6.98,26,7.065217391304348,1967.12
2025-03-11,Google,436.28,3858.0,142.0,3.68,8,5.633802816901409,731.4
2025-10-19,Facebook,557.24,6811.0,504.0,7.4,31,6.15079365079365,2222.22
2025-05-12,Facebook,526.3,4354.0,387.0,8.89,22,5.684754521963824,911.82
2025-10-28,Facebook,458.16,3895.0,275.0,7.06,15,5.454545454545454,669.89
2026-03-24,Google,4823.6,7092.0,532.0,7.5,52,9.774436090225564,3828.24
2025-11-23,Google,573.53,5579.0,355.0,6.36,35,9.859154929577464,1578.08
2025-05-25,Facebook,643.41,7862.0,646.0,8.22,29,4.489164086687306,3436.9
2026-07-06,Google,646.25,5373.0,218.0,4.06,23,10.550458715596331,1036.39
2026-08-19,Facebook,474.88,6641.0,636.0,9.58,44,6.918238993710692,3300.99
2026-10-18,Facebook,533.91,6519.0,722.0,11.08,42,5.8171745152354575,3203.48
2025-05-16,Facebook,533.48,4355.0,375.0,8.61,20,5.333333333333334,1861.58
2026-03-07,Facebook,350.74,4393.0,266.0,6.06,16,6.015037593984962,1389.64
2025-06-14,Facebook,721.6,7137.0,506.0,7.09,34,6.719367588932807,3720.21
2025-01-29,Google,650.69,9727.0,482.0,4.96,37,7.676348547717843,3196.12
2026-08-11,Facebook,388.01,4243.0,443.0,10.44,26,5.8690744920993225,2918.81
2025-07-13,Google,,5717.0,378.0,6.61,22,5.82010582010582,2522.81
2027-03-02,Facebook,595.31,8707.0,597.0,6.86,46,7.705192629815745,2578.08
2026-10-15,Google,603.26,8847.0,401.0,4.53,34,8.478802992518704,2529.14
2025-06-19,Google,529.2,4749.0,214.0,4.51,16,7.476635514018691,
2026-05-29,Google,600.62,5604.0,454.0,8.1,36,7.929515418502203,2413.44
2025-05-21,Google,628.84,5541.0,447.0,8.07,35,7.829977628635347,1838.52
2025-06-23,Facebook,,7279.0,643.0,8.83,38,5.909797822706065,4199.0
2025-01-07,Facebook,600.07,5670.0,368.0,6.49,17,4.619565217391304,885.72
2026-10-19,Facebook,470.16,4737.0,177.0,3.74,10,5.649717514124294,1191.42
2027-08-23,Facebook,388.72,4558.0,291.0,6.38,18,6.185567010309279,1661.75
2025-03-15,Google,642.68,5780.0,516.0,8.93,48,9.30232558139535,2518.47
2027-02-04,Facebook,427.73,,,11.4,29,6.304347826086956,1639.94
2026-10-16,Google,430.03,3567.0,241.0,6.76,17,7.053941908713693,1070.67
2025-08-27,Google,461.56,6291.0,283.0,4.5,21,7.420494699646643,949.03
2025-05-26,Facebook,317.22,4373.0,521.0,11.91,30,5.758157389635317,1433.7
2027-03-20,Facebook,400.69,3734.0,223.0,5.97,10,4.484304932735426,656.45
2025-08-23,Facebook,708.32,9100.0,460.0,5.05,35,7.608695652173914,2913.55
2025-08-09,Google,667.92,9336.0,1097.0,11.75,87,7.930720145852324,8010.76
2026-05-16,Google,516.02,7598.0,622.0,8.19,53,8.520900321543408,4176.71
2026-11-05,Google,812.2,11086.0,,3.35,25,6.738544474393531,1571.16
2025-05-13,Facebook,529.93,4354.0,221.0,5.08,16,7.239819004524888,1152.42
2027-03-23,Google,149.44,1302.0,48.0,3.69,4,8.333333333333332,201.2
2026-03-10,Facebook,607.39,4959.0,265.0,5.34,11,4.150943396226415,1067.45
2026-11-02,Facebook,537.06,7037.0,797.0,11.33,48,6.022584692597239,3450.16
2025-07-05,GOOGLE,672.81,9922.0,993.0,10.01,100,10.070493454179255,6938.72
2025-02-11,Facebook,669.12,5360.0,410.0,7.65,23,5.609756097560976,1605.05
2026-09-18,Facebook,409.18,3277.0,178.0,5.43,10,5.617977528089887,459.26
2025-04-19,Facebook,570.88,8124.0,902.0,11.1,53,5.875831485587583,4573.11
2026-08-27,Facebook,427.31,5918.0,392.0,6.62,32,8.16326530612245,1509.51
2025-02-26,facebook,686.06,5873.0,510.0,8.68,33,6.470588235294119,1841.9
2026-03-05,Facebook,331.69,2656.0,316.0,11.9,16,5.063291139240507,1067.65
2026-04-14,Facebook,,7615.0,414.0,5.44,21,5.072463768115942,1602.65
2026-07-31,Facebook,434.45,6366.0,404.0,6.35,23,5.693069306930694,2408.3
2027-05-28,Google,,7580.0,486.0,6.41,46,9.465020576131687,4127.15
2025-01-25,Facebook,447.86,5173.0,491.0,9.49,30,6.109979633401222,2429.43
2026-03-17,Facebook,357.49,3024.0,107.0,3.54,2,1.8691588785046727,109.41
2027-06-02,Facebook,245.38,3276.0,191.0,5.83,11,5.7591623036649215,748.57
2026-06-28,Google,558.38,4581.0,228.0,4.98,21,9.210526315789473,2111.41
2026-09-26,Google,759.8,7689.0,788.0,10.25,64,8.121827411167512,4861.87
2027-04-11,Facebook,464.98,6124.0,689.0,11.25,50,7.256894049346879,3787.09
2027-08-03,Facebook,387.75,4511.0,420.0,9.31,28,6.666666666666667,1196.83
2025-12-05,Facebook,524.13,5577.0,292.0,5.24,14,4.794520547945205,857.06
2025-02-21,Google,389.76,4124.0,405.0,9.82,32,7.901234567901234,3421.29
2026-01-19,Google,302.55,3088.0,217.0,7.03,22,10.138248847926267,2301.42
2026-06-12,Facebook,498.91,4559.0,388.0,8.51,19,4.896907216494846,2065.65
2027-07-28,Facebook,585.13,5359.0,442.0,8.25,27,6.108597285067873,3117.55
2027-06-07,Facebook,439.43,,312.0,7.78,14,4.487179487179487,793.22
2025-09-22,Google,479.28,5004.0,512.0,10.23,32,6.25,2706.56
2026-07-04,Google,571.99,8257.0,473.0,5.73,32,6.765327695560254,3347.72
2027-07-03,Facebook,,3638.0,311.0,8.55,26,8.360128617363344,2779.13
2026-11-29,Google,550.34,7550.0,380.0,5.03,25,6.578947368421052,2419.57
2026-01-31,Google,466.32,6457.0,266.0,4.12,14,5.263157894736842,1374.42
2026-06-14,Google,556.96,7464.0,611.0,8.19,47,7.6923076923076925,5132.38
2027-05-19,Google,642.49,7130.0,377.0,5.29,27,7.161803713527852,
2025-01-19,Facebook,503.4,7310.0,364.0,4.98,27,7.417582417582418,2087.37
2027-01-02,Google,476.76,5164.0,571.0,11.06,47,8.231173380035026,4817.65
2026-11-10,Google,654.77,9164.0,284.0,3.1,17,5.985915492957746,757.65
2026-08-05,Google,569.51,7580.0,688.0,9.08,52,7.55813953488372,3339.51
2027-09-04,facebook,483.51,,355.0,6.71,29,8.169014084507042,1708.99
2026-01-03,Google,327.19,2737.0,124.0,4.53,16,12.903225806451612,1554.81
2025-03-25,Facebook,715.51,9376.0,867.0,9.25,40,4.61361014994233,4633.14
2025-03-03,Facebook,580.98,6119.0,294.0,4.8,25,8.503401360544217,2940.23
2027-04-22,Google,,2805.0,322.0,11.48,32,9.937888198757763,2923.8
2025-09-30,Google,559.28,4775.0,178.0,3.73,10,5.617977528089887,1192.51
2025-10-13,Facebook,365.64,5244.0,411.0,7.84,21,5.109489051094891,1368.51
2025-12-27,Facebook,464.29,6823.0,503.0,7.37,22,4.3737574552683895,1975.73
2025-12-21,Facebook,470.7,4747.0,244.0,5.14,14,5.737704918032787,1139.19
2026-04-27,Google,509.12,4935.0,340.0,6.89,25,7.352941176470589,2614.21
2025-10-06,Google,565.23,6115.0,435.0,7.11,28,6.436781609195402,2652.63
2025-01-13,Google,532.59,4663.0,297.0,6.37,23,7.744107744107744,953.17
2025-07-02,Google,523.58,5931.0,624.0,10.52,43,6.891025641025641,3035.33
2026-01-04,Facebook,691.34,9245.0,302.0,3.27,20,6.622516556291391,1766.07
2026-08-23,Facebook,,10488.0,1196.0,11.4,74,6.187290969899665,3407.12
2026-09-23,Google,659.38,8699.0,831.0,9.55,66,7.9422382671480145,4246.74
2025-08-12,Facebook,422.37,6019.0,214.0,3.56,15,7.009345794392523,687.7
2027-08-30,GOOGLE,581.35,5490.0,387.0,7.05,36,9.30232558139535,1806.06
2026-12-16,Facebook,685.05,8706.0,709.0,8.14,44,6.205923836389281,3050.56
2027-02-17,Google,403.62,4990.0,263.0,5.27,19,7.224334600760455,1401.1
2026-07-12,Facebook,463.7,6796.0,453.0,6.67,28,6.181015452538632,
2026-04-11,Facebook,353.13,4491.0,502.0,11.18,28,5.577689243027888,1230.09
2026-08-21,Facebook,624.79,5309.0,264.0,4.97,20,7.575757575757576,1265.91
2026-12-09,Google,288.7,3110.0,107.0,3.44,7,6.5420560747663545,506.8
2025-06-26,Google,541.13,,583.0,8.71,58,9.948542024013722,5681.95
2026-11-12,Google,483.39,6327.0,364.0,5.75,22,6.043956043956044,1266.13
2027-05-04,Google,623.6,5287.0,423.0,8.0,30,7.092198581560284,2246.51
2027-08-13,Facebook,595.99,6502.0,590.0,9.07,42,7.118644067796611,3608.56
2026-04-02,Facebook,701.32,6571.0,644.0,9.8,39,6.055900621118012,
2026-06-17,Google,666.82,5376.0,558.0,10.38,43,7.706093189964158,2543.43
2026-01-29,Google,492.49,5718.0,373.0,6.52,25,6.702412868632708,29316.0
2025-06-13,Google,488.1,5074.0,,3.47,13,7.386363636363637,1111.57
2025-09-06,Google,573.62,7551.0,,5.09,36,9.375,3352.36
2026-10-12,Facebook,466.78,4280.0,338.0,7.9,16,4.733727810650888,1753.63
2027-06-22,Facebook,,5403.0,499.0,9.24,27,5.410821643286573,2384.21
2026-11-16,Google,430.34,4588.0,539.0,11.75,45,8.348794063079778,4462.11
2026-01-11,Facebook,621.18,8796.0,660.0,7.5,39,5.909090909090909,1640.62
2026-02-17,Google,427.84,5740.0,654.0,11.39,48,7.339449541284404,2209.58
2025-03-16,Google,670.46,5418.0,,10.15,45,8.181818181818182,2676.39
2025-04-24,Google,640.32,7977.0,653.0,8.19,52,7.9632465543644715,5587.48
2026-08-07,Facebook,383.23,4012.0,145.0,3.61,10,6.896551724137931,1054.37
2026-07-27,Facebook,5649.8,4662.0,309.0,6.63,19,6.148867313915858,1614.05
2026-01-26,Google,591.07,6250.0,,4.56,25,8.771929824561402,2691.02
2025-04-15,Google,581.83,6180.0,365.0,5.91,31,8.493150684931507,1541.0
2025-04-25,Google,665.86,6914.0,249.0,3.6,19,7.630522088353414,1739.2
2026-02-22,Facebook,566.3,4597.0,488.0,10.62,37,7.581967213114754,3276.64
2026-10-31,Facebook,648.59,9370.0,476.0,5.08,30,6.302521008403361,3182.13
2026-04-03,Facebook,433.57,,136.0,3.49,7,5.147058823529411,598.6
2026-02-14,Facebook,383.8,4464.0,146.0,3.27,10,6.8493150684931505,1121.3
2025-04-03,Google,334.48,3721.0,141.0,3.79,15,10.638297872340425,1527.41
2027-03-31,Facebook,412.64,4555.0,408.0,8.96,31,7.598039215686274,3390.54
2025-03-31,Facebook,741.22,7358.0,735.0,9.99,35,4.761904761904762,1745.29
2025-12-03,Google,788.41,,431.0,4.95,29,6.728538283062645,1255.31
2027-05-10,Facebook,371.9,3934.0,348.0,8.85,18,5.172413793103448,1492.71
2027-07-29,Google,447.74,6374.0,610.0,9.57,46,7.540983606557377,3754.45
2027-08-10,Google,458.08,6742.0,667.0,9.89,46,6.896551724137931,2113.9
2027-06-03,Facebook,427.06,4641.0,179.0,3.86,11,6.145251396648044,
2026-09-13,Facebook,374.37,5544.0,422.0,7.61,26,6.161137440758294,2225.99
2027-03-01,Google,436.51,6138.0,501.0,8.16,37,7.385229540918163,4374.45
2026-09-19,Facebook,,4316.0,131.0,3.04,6,4.580152671755725,716.56
2025-04-05,Google,496.02,6823.0,430.0,6.3,34,7.906976744186046,1777.28
2025-01-12,Google,524.92,4334.0,158.0,3.65,8,5.063291139240507,369.59
2026-02-01,Google,296.85,2405.0,239.0,9.94,17,7.112970711297072,2013.84
2026-06-30,Facebook,262.94,3322.0,341.0,10.26,24,7.038123167155426,2389.33
2025-02-13,Google,456.46,3815.0,344.0,9.02,26,7.55813953488372,2057.02
2025-02-12,Facebook,775.87,,411.0,4.25,17,4.13625304136253,1026.34
2025-06-17,Facebook,416.97,4349.0,276.0,6.35,21,7.608695652173914,1599.72
2026-02-21,Facebook,497.64,4418.0,258.0,5.84,14,5.426356589147287,1075.13
2027-05-27,Google,520.22,5258.0,417.0,7.93,26,6.235011990407674,1758.89
2026-03-03,Facebook,415.76,4339.0,405.0,9.33,18,4.444444444444445,927.99
2027-06-19,Facebook,448.21,5265.0,,8.68,29,6.3457330415754925,3054.96
2027-09-08,Facebook,696.8,7887.0,696.0,8.82,48,6.896551724137931,5602.65
2027-09-03,Facebook,664.84,7681.0,841.0,10.95,52,6.183115338882283,2261.63
2026-11-19,Facebook,547.36,7192.0,674.0,9.37,36,5.341246290801187,2351.43
2025-09-15,Google,324.28,3987.0,242.0,6.07,17,7.024793388429752,1890.18
2025-12-02,Facebook,543.8,7745.0,386.0,4.98,17,4.404145077720207,1231.77
2025-01-16,Facebook,626.38,7519.0,900.0,11.97,62,6.888888888888889,7108.64
2026-10-07,Facebook,374.62,4545.0,520.0,11.44,31,5.961538461538462,3658.22
2025-11-21,Google,632.98,8782.0,714.0,8.13,66,9.243697478991598,7755.34
2027-02-14,Google,472.82,4766.0,269.0,5.64,30,11.152416356877323,3136.1
2025-08-11,Facebook,507.16,7064.0,750.0,10.62,37,4.933333333333334,2716.42
2025-06-29,Facebook,553.73,5210.0,486.0,9.33,29,5.967078189300412,2186.96
2026-10-23,Facebook,579.55,6721.0,,8.94,38,6.322795341098169,
2026-06-06,Facebook,619.05,5652.0,346.0,6.12,25,7.225433526011561,2789.5
2025-01-23,Facebook,511.53,4499.0,284.0,6.31,10,3.5211267605633805,
2025-12-23,Facebook,642.74,8659.0,624.0,7.21,48,7.6923076923076925,3948.2
2027-08-20,Google,479.74,5221.0,213.0,4.08,17,7.981220657276995,1338.49
2027-06-25,Google,642.52,9250.0,1004.0,10.85,78,7.768924302788845,9262.17
2025-12-07,Facebook,632.66,5456.0,164.0,3.01,7,4.2682926829268295,811.32
2026-03-08,Google,416.85,6177.0,229.0,3.71,21,9.170305676855897,854.27
2027-02-13,Facebook,400.77,5875.0,700.0,11.91,59,8.428571428571429,6590.24
2027-05-01,Facebook,558.17,7367.0,704.0,9.56,37,5.255681818181818,1659.62
2025-07-23,Google,494.27,5252.0,357.0,6.8,20,5.602240896358544,1109.34
2027-07-07,Google,418.67,5866.0,684.0,11.66,54,7.894736842105263,5026.86
2025-04-04,Google,412.29,5602.0,520.0,9.28,36,6.923076923076923,3753.13
2026-07-25,Google,359.59,3432.0,212.0,6.18,13,6.132075471698113,1224.12
2025-03-10,Facebook,423.47,5533.0,259.0,4.68,14,5.405405405405405,1341.12
2027-01-25,Facebook,444.08,4110.0,443.0,10.78,23,5.191873589164786,1274.82
2025-10-12,Google,4565.1,4946.0,288.0,5.82,29,10.069444444444445,1923.45
2027-07-17,Google,727.99,9360.0,477.0,5.1,34,7.127882599580712,2684.86
2026-03-11,Facebook,464.61,6639.0,404.0,6.09,16,3.9603960396039604,1108.85
2025-06-03,Facebook,236.14,2143.0,243.0,11.34,17,6.995884773662551,1567.71
2025-03-17,Google,431.51,4726.0,257.0,5.44,24,9.33852140077821,2577.01
2027-01-17,Facebook,726.15,9626.0,359.0,3.73,23,6.406685236768802,1983.65
2026-03-23,Google,505.26,4246.0,298.0,7.02,33,11.073825503355705,2340.26
2025-07-08,Google,495.18,5810.0,612.0,10.53,43,7.026143790849673,
2025-09-29,Google,547.5,5528.0,408.0,7.38,30,7.352941176470589,2864.16
2025-08-25,Facebook,421.83,4258.0,230.0,5.4,10,4.3478260869565215,1156.01
2026-05-03,Facebook,391.53,4392.0,421.0,9.59,28,6.65083135391924,1810.71
2025-04-28,Facebook,517.61,,312.0,5.92,9,2.8846153846153846,1003.66
2027-04-16,Facebook,883.17,8595.0,664.0,7.73,52,7.83132530120482,4897.57
2026-05-28,Google,499.27,7423.0,337.0,4.54,18,5.341246290801187,1640.7
2025-03-18,Google,400.12,4027.0,371.0,9.21,32,8.62533692722372,1815.82
2026-11-17,Google,570.63,5216.0,411.0,7.88,42,10.218978102189782,3112.43
2025-05-07,Google,336.82,3839.0,122.0,3.18,7,5.737704918032787,683.26
2025-04-27,Google,479.95,5215.0,625.0,11.98,43,6.88,4701.87
2026-04-19,Google,544.89,4596.0,481.0,10.47,38,7.900207900207901,2347.84
2026-12-10,Facebook,,2827.0,210.0,7.43,12,5.714285714285714,1374.28
2025-02-27,GOOGLE,,3985.0,175.0,4.39,7,4.0,458.54
2026-11-21,Facebook,553.35,4524.0,503.0,11.12,32,6.36182902584493,1413.31
2027-07-19,Facebook,383.06,3379.0,350.0,10.36,23,6.571428571428571,1890.15
2026-01-05,Facebook,398.36,4348.0,210.0,4.83,19,9.047619047619047,1214.37
2025-09-26,Facebook,677.18,5760.0,247.0,4.29,9,3.643724696356275,423.46
2025-02-16,Facebook,689.55,8430.0,381.0,4.52,27,7.086614173228346,1200.8
2025-12-16,Google,539.45,6831.0,503.0,7.36,42,8.34990059642147,4448.29
2025-07-15,Facebook,273.26,3863.0,314.0,8.13,14,4.45859872611465,1206.45
2025-11-16,Facebook,541.58,6270.0,291.0,4.64,14,4.810996563573884,583.56
2027-05-02,Google,398.44,5245.0,310.0,5.91,24,7.741935483870968,1753.62
2026-12-08,Facebook,329.8,3914.0,382.0,9.76,32,8.37696335078534,3010.8
2027-01-23,Google,538.78,4564.0,407.0,8.92,30,7.371007371007371,3254.22
2025-09-21,Google,495.38,4191.0,338.0,8.06,24,7.100591715976331,2166.73
2026-03-20,Facebook,549.66,6259.0,523.0,8.36,37,7.0745697896749515,2534.33
2027-08-17,Facebook,614.04,7930.0,532.0,6.71,41,7.7067669172932325,2740.8
2025-11-01,Google,545.83,7509.0,868.0,11.56,70,8.064516129032258,8106.36
2025-12-08,Facebook,642.44,8229.0,891.0,10.83,58,6.509539842873176,3563.74
2026-09-06,Facebook,516.38,,452.0,10.6,26,5.752212389380531,2211.38
2027-09-14,Google,760.51,9935.0,433.0,4.36,40,9.237875288683602,4420.75
2025-05-30,Facebook,492.11,5278.0,343.0,6.5,25,7.288629737609329,2856.75
2025-05-05,Facebook,522.93,6702.0,449.0,6.7,27,6.013363028953229,1440.26
2027-03-14,Google,378.1,4567.0,486.0,10.64,43,8.847736625514404,3837.5
2027-05-20,Google,810.75,10171.0,316.0,3.11,25,7.9113924050632916,1481.43
2025-02-20,Google,338.67,3790.0,423.0,11.16,35,8.274231678486997,1552.63
2025-12-20,Facebook,554.42,7161.0,348.0,4.86,29,8.333333333333332,3305.21
2027-08-04,Facebook,630.32,7724.0,618.0,8.0,34,5.501618122977346,2713.38
2025-05-23,Facebook,515.96,,567.0,10.78,36,6.349206349206349,3866.51
2026-04-16,Facebook,539.71,6093.0,284.0,4.66,14,4.929577464788732,990.1
2026-02-04,Google,367.57,2990.0,241.0,8.06,21,8.71369294605809,1195.82
2026-12-18,Google,747.38,7289.0,717.0,9.84,68,9.483960948396094,3587.11
2025-11-17,Google,619.76,5161.0,538.0,10.42,44,8.178438661710038,4304.39
2025-01-20,Facebook,503.57,5428.0,334.0,6.15,29,8.682634730538922,1999.07
2027-04-07,Facebook,514.72,6690.0,242.0,3.62,10,4.132231404958678,1106.0
2027-03-18,Google,521.17,5625.0,411.0,7.31,37,9.002433090024331,3546.29
2027-04-06,Google,385.6,3738.0,280.0,7.49,21,7.5,1224.17
2026-02-12,Facebook,473.04,,271.0,5.09,24,8.856088560885608,2575.9
2026-06-22,Facebook,463.37,4427.0,263.0,5.94,13,4.942965779467681,828.02
2026-09-28,Facebook,611.34,7940.0,524.0,6.6,18,3.435114503816794,30882.600000000002
2025-02-08,Google,509.87,7019.0,704.0,10.03,57,8.096590909090908,2985.82
2025-06-25,Facebook,634.08,8979.0,395.0,4.4,26,6.582278481012659,1213.18
2025-09-03,Google,552.36,7622.0,776.0,10.18,49,6.314432989690721,2603.94
2027-04-26,Facebook,629.61,8663.0,429.0,4.95,23,5.361305361305361,1586.41
2026-11-14,Facebook,474.92,6947.0,576.0,8.29,33,5.729166666666666,2463.78
2027-02-10,Facebook,487.98,5965.0,618.0,10.36,35,5.6634304207119746,4004.02
2027-08-27,Google,522.75,5415.0,241.0,4.45,14,5.809128630705394,661.85
2025-06-04,Google,552.8,6565.0,398.0,6.06,34,8.542713567839195,2055.41
2025-10-15,Google,639.3,7246.0,862.0,11.9,72,8.352668213457076,8298.38
2026-09-10,Facebook,383.41,,220.0,5.26,14,6.363636363636363,1611.06
2026-07-24,Facebook,473.03,5459.0,201.0,3.68,8,3.9800995024875623,459.38
2027-01-30,Google,155.33,2008.0,137.0,6.82,11,8.02919708029197,621.18
2025-01-18,Google,581.78,5849.0,344.0,5.88,22,6.395348837209303,2291.21
2025-05-08,Google,589.55,4830.0,301.0,6.23,15,4.983388704318937,703.36
2025-11-19,Google,750.6,9719.0,1102.0,11.34,99,8.98366606170599,8674.59
2025-09-13,Google,688.88,9205.0,946.0,10.28,83,8.773784355179703,8815.33
2026-11-20,Google,356.49,3811.0,207.0,5.43,14,6.763285024154589,1426.87
2027-09-12,facebook,470.47,4597.0,406.0,8.83,35,8.620689655172415,1478.94
2025-07-10,Facebook,515.37,4594.0,535.0,11.65,29,5.420560747663552,2716.09
2025-04-26,Google,577.85,4912.0,189.0,3.85,16,8.465608465608465,1472.93
2026-09-24,Google,,7899.0,482.0,6.1,41,8.506224066390041,1923.58
2026-08-30,Facebook,656.21,8791.0,799.0,9.09,51,6.382978723404255,5963.1
2025-06-30,Facebook,577.13,6213.0,440.0,7.08,21,4.772727272727273,1655.25
2025-10-29,Google,458.09,5853.0,577.0,9.86,52,9.01213171577123,63421.2
2027-07-30,Facebook,561.57,5442.0,341.0,6.27,25,7.331378299120235,2354.19
2026-12-30,Facebook,510.61,6305.0,553.0,8.77,36,6.50994575045208,2093.06
2027-01-10,Facebook,722.49,7670.0,799.0,10.42,54,6.758448060075094,6086.9
2027-09-01,Facebook,,4000.0,264.0,6.6,14,5.303030303030303,1223.58
2027-02-27,Facebook,,5561.0,468.0,8.42,33,7.051282051282051,2595.29
2026-06-02,Google,465.17,,811.0,11.84,66,8.138101109741061,5014.97
2026-02-16,GOOGLE,339.92,3461.0,311.0,8.99,25,8.038585209003216,1018.2
2025-02-15,Google,674.41,5676.0,549.0,9.67,38,6.9216757741347905,4519.17
2027-07-16,Facebook,580.71,5374.0,424.0,7.89,25,5.89622641509434,1410.37
2025-06-07,Google,585.0,8093.0,967.0,11.95,74,7.652533609100311,
2027-01-31,Facebook,496.7,5443.0,325.0,5.97,25,7.6923076923076925,1643.37
2025-06-21,Facebook,542.25,6715.0,618.0,9.2,33,5.339805825242718,2164.06
2025-01-17,Facebook,495.25,5739.0,460.0,8.02,36,7.82608695652174,3275.72
2026-05-27,GOOGLE,799.16,9874.0,387.0,3.92,25,6.459948320413436,2049.34
2025-02-18,Google,449.58,3956.0,,11.0,30,6.896551724137931,1326.78
2027-09-19,Google,703.41,8015.0,484.0,6.04,39,8.057851239669422,2156.79
2027-05-08,Facebook,550.83,6482.0,679.0,10.48,38,5.596465390279824,
2026-05-31,Facebook,488.13,7007.0,801.0,11.43,39,4.868913857677903,3392.59
2027-07-01,Facebook,443.01,6261.0,348.0,5.56,25,7.183908045977011,2173.54
2026-04-26,Google,567.0,6638.0,555.0,8.36,60,10.81081081081081,4156.94
2025-10-11,Facebook,291.23,4224.0,454.0,10.75,32,7.048458149779736,3554.81
2027-01-05,Facebook,490.08,4900.0,328.0,6.69,20,6.097560975609756,
2026-11-01,Facebook,502.55,6463.0,699.0,10.82,40,5.7224606580829755,2571.21
2025-08-14,Facebook,547.22,7761.0,279.0,3.59,15,5.376344086021505,1776.01
2025-01-27,Facebook,526.66,6032.0,565.0,9.37,28,4.95575221238938,2520.21
2027-03-10,Google,411.85,5316.0,264.0,4.97,24,9.090909090909092,2754.07
2026-03-14,Google,533.48,5978.0,279.0,4.67,21,7.526881720430108,2444.69
2027-08-28,Facebook,620.13,5581.0,497.0,8.91,26,5.23138832997988,2960.31
2025-12-31,Google,479.23,4534.0,450.0,9.93,38,8.444444444444445,4409.53
2025-08-18,Google,435.77,,722.0,11.44,62,8.587257617728532,5050.3
2025-02-07,Facebook,606.76,6168.0,509.0,8.25,28,5.50098231827112,2992.82
2027-09-13,Facebook,398.81,3218.0,373.0,11.59,19,5.093833780160858,1132.01
2026-01-10,Facebook,697.04,7880.0,597.0,7.58,36,6.030150753768844,2510.89
2026-04-15,GOOGLE,313.29,3143.0,148.0,4.71,8,5.405405405405405,513.06
2027-09-15,Facebook,478.89,5626.0,410.0,7.29,30,7.317073170731707,2198.19
2027-05-18,Facebook,618.29,6796.0,421.0,6.19,25,5.938242280285035,1062.14
2027-06-28,Facebook,533.99,5596.0,479.0,8.56,33,6.8893528183716075,3080.11
2027-01-12,Facebook,569.85,7118.0,313.0,4.4,17,5.431309904153355,785.69
2025-07-14,Facebook,446.46,4433.0,,4.38,13,6.701030927835052,1272.48
2027-07-24,Facebook,435.76,5056.0,291.0,5.76,17,5.841924398625429,1771.61
2027-06-01,Google,485.83,4245.0,163.0,3.84,15,9.202453987730062,1520.12
2026-05-19,Google,614.8,9199.0,1087.0,11.82,62,5.703771849126035,3331.52
2027-09-17,Google,566.18,7784.0,641.0,8.23,52,8.11232449297972,5900.07
2027-04-28,Google,653.72,7720.0,671.0,8.69,65,9.687034277198212,5048.25
2026-08-03,Facebook,522.0,6295.0,389.0,6.18,28,7.197943444730077,2789.69
2027-09-16,Facebook,514.78,,600.0,8.41,33,5.5,3221.68
2025-06-12,Google,578.02,4857.0,404.0,8.32,38,9.405940594059405,2150.83
2026-12-19,Google,645.0,7981.0,349.0,4.37,30,8.595988538681947,3523.25
2025-06-02,Facebook,326.24,,436.0,11.34,30,6.8807339449541285,2618.08
2026-11-28,Facebook,485.49,6279.0,315.0,5.02,20,6.349206349206349,2175.2
2026-12-17,Google,740.73,10056.0,1030.0,10.24,64,6.213592233009709,5729.9
2027-07-18,Google,484.08,4650.0,406.0,8.73,29,7.142857142857142,3197.55
2025-04-22,Facebook,560.87,4586.0,486.0,10.6,33,6.790123456790123,1780.68
2025-08-15,Google,607.42,6765.0,796.0,11.77,63,7.914572864321608,5525.14
2026-12-05,Facebook,,6345.0,687.0,10.83,52,7.5691411935953425,5454.19
2025-04-14,Google,625.3,8015.0,721.0,9.0,58,8.044382801664355,5234.88
2026-02-26,Google,448.47,4421.0,243.0,5.5,11,4.526748971193416,676.37
2026-02-24,Google,663.7,9059.0,993.0,10.96,73,7.351460221550855,
2027-04-29,Google,508.14,4777.0,398.0,8.33,38,9.547738693467336,2124.75
2026-08-10,Facebook,496.72,,,4.41,17,5.448717948717949,
2027-03-08,Google,306.18,2883.0,248.0,8.6,18,7.258064516129033,1606.1
2026-11-04,Facebook,528.89,5245.0,181.0,3.45,13,7.18232044198895,1006.08
2025-04-30,Google,401.97,4920.0,504.0,10.24,45,8.928571428571429,2141.46
2025-02-23,Google,407.86,4458.0,396.0,8.88,25,6.313131313131313,
2025-06-01,Facebook,725.74,7535.0,630.0,8.36,40,6.349206349206349,3358.12
2026-02-08,Google,,3373.0,,3.17,9,8.411214953271028,1078.96
2027-08-22,Facebook,,7941.0,930.0,11.71,58,6.236559139784946,2405.18
2025-07-27,Google,605.28,6479.0,709.0,10.94,51,7.193229901269394,2255.06
2026-10-21,Google,558.92,7440.0,290.0,3.9,23,7.931034482758621,1573.23
2027-06-03,Facebook,427.06,4641.0,179.0,3.86,11,6.145251396648044,
2027-02-18,Google,679.12,8515.0,918.0,10.78,74,8.061002178649238,4319.92
2025-01-09,Google,491.58,3951.0,462.0,11.69,47,10.173160173160174,3293.65
2027-04-05,Google,442.07,,444.0,8.06,34,7.657657657657657,1731.29
2025-02-06,Facebook,532.05,6520.0,645.0,9.89,42,6.511627906976744,2137.15
2026-03-29,Facebook,489.41,7213.0,705.0,9.77,30,4.25531914893617,1386.91
2026-10-14,Google,597.89,7226.0,320.0,4.43,26,8.125,1382.64
2025-09-11,Facebook,,7730.0,275.0,3.56,15,5.454545454545454,647.3
2025-10-31,Google,749.21,9737.0,464.0,4.77,39,8.405172413793103,2049.54
2027-02-02,Facebook,699.35,7541.0,803.0,10.65,52,6.47571606475716,6003.69
2026-07-26,Google,283.76,2347.0,186.0,7.93,22,11.827956989247312,2293.65
2026-09-16,Facebook,586.27,5937.0,351.0,5.91,13,3.7037037037037033,1554.35
2027-05-09,Google,747.5,,832.0,11.26,61,7.331730769230769,3387.35
2027-01-29,Google,359.61,4734.0,317.0,6.7,29,9.14826498422713,2939.98
2025-09-20,Facebook,629.44,6829.0,390.0,5.71,24,6.153846153846154,1842.46
2026-09-03,Facebook,555.2,6536.0,282.0,4.31,17,6.028368794326241,1949.5
2025-10-25,Facebook,448.63,5000.0,536.0,10.72,40,7.462686567164178,3216.37
2026-02-19,Google,308.84,3597.0,305.0,8.48,24,7.868852459016394,2245.09
2025-05-31,Google,433.38,4636.0,234.0,5.05,19,8.11965811965812,859.75
2027-05-12,Facebook,669.47,8478.0,561.0,6.62,22,3.9215686274509802,2349.52
2026-10-03,Facebook,5646.0,7705.0,649.0,8.42,43,6.6255778120184905,2284.38
2027-06-26,Google,444.25,6517.0,488.0,7.49,59,12.09016393442623,4170.03
2026-07-05,Google,683.69,10223.0,1164.0,11.39,93,7.989690721649484,5552.83
2027-03-19,Google,455.96,6328.0,718.0,11.35,59,8.217270194986073,5372.02
2026-05-04,Google,,4869.0,434.0,8.91,32,7.373271889400922,3506.03
2026-12-12,Google,433.78,3947.0,237.0,6.0,21,8.860759493670885,
2025-05-28,Google,545.27,5462.0,381.0,6.98,29,7.611548556430446,2640.68
2025-05-27,Google,432.93,6445.0,632.0,9.81,48,7.59493670886076,3083.77
2027-01-07,Facebook,681.61,8723.0,789.0,9.05,47,5.9569074778200255,5300.05
2027-08-08,Google,720.58,6945.0,405.0,5.83,32,7.901234567901234,2387.04
2027-01-26,Google,308.64,4566.0,255.0,5.58,20,7.8431372549019605,
2026-10-22,Google,,5127.0,161.0,3.14,11,6.832298136645963,864.07
2025-12-15,Facebook,492.3,6395.0,245.0,3.83,21,8.571428571428571,1945.36
2026-04-09,Google,378.23,4709.0,516.0,10.96,47,9.108527131782946,3422.74
2025-11-22,Google,375.21,3011.0,,4.28,7,5.426356589147287,551.16
2025-07-06,Google,418.83,6016.0,510.0,8.48,43,8.431372549019608,3529.26
2025-05-04,Facebook,653.41,,245.0,3.35,14,5.714285714285714,1239.52
2027-05-21,Facebook,569.56,8289.0,651.0,7.85,37,5.683563748079877,2190.25
2026-09-01,Google,503.84,4565.0,437.0,9.57,33,7.551487414187644,2533.43
2025-05-24,Facebook,415.99,5914.0,489.0,8.27,28,5.725971370143149,2241.96
2027-09-06,Facebook,693.47,9396.0,839.0,8.93,56,6.6746126340882,2281.06
2025-07-17,Google,209.13,1890.0,213.0,11.27,19,8.92018779342723,
2026-09-02,Google,,5787.0,603.0,10.42,53,8.7893864013267,
2025-10-07,Google,455.53,4585.0,436.0,9.51,32,7.339449541284404,3539.05
2025-10-21,Facebook,346.04,4337.0,322.0,7.42,14,4.3478260869565215,1035.77
2026-02-05,Facebook,,4626.0,525.0,11.35,27,5.142857142857142,2791.89
2025-05-03,Facebook,503.45,7509.0,388.0,5.17,24,6.185567010309279,2413.3
2025-07-03,Google,585.08,6904.0,312.0,4.52,23,7.371794871794872,
2025-07-22,Facebook,383.96,4654.0,152.0,3.27,13,8.552631578947368,604.73
2026-03-15,Google,399.76,4311.0,,6.33,26,9.523809523809524,1539.52
2025-09-04,Facebook,504.56,5077.0,301.0,5.93,9,2.990033222591362,722.68
2026-02-20,Facebook,552.86,8200.0,746.0,9.1,45,6.032171581769437,
2027-03-04,Google,535.23,4861.0,482.0,9.92,42,8.71369294605809,2660.67
2027-02-21,Google,410.33,6054.0,715.0,11.81,55,7.6923076923076925,5030.83
2027-07-13,Google,633.16,7771.0,273.0,3.51,12,4.395604395604396,847.74
2027-02-24,Facebook,588.42,7617.0,450.0,5.91,29,6.444444444444445,1695.87
2027-06-24,Facebook,358.52,3640.0,356.0,9.78,25,7.02247191011236,1080.14
2025-05-10,Google,759.59,11202.0,906.0,8.09,56,6.181015452538632,3019.42
2026-09-30,Facebook,532.23,4934.0,266.0,5.39,13,4.887218045112782,818.32
2026-02-07,Google,610.2,6986.0,251.0,3.59,20,7.968127490039841,18133.2
2027-03-12,Google,524.07,5689.0,237.0,4.17,26,10.970464135021098,1477.37
2027-02-26,Google,508.04,5177.0,,8.34,30,6.944444444444445,3243.57
2027-01-06,Google,485.39,5353.0,276.0,5.16,27,9.782608695652174,1674.41
2027-07-20,Facebook,632.85,5795.0,195.0,3.36,9,4.615384615384616,1029.51
2025-08-08,Google,568.71,4984.0,428.0,8.59,30,7.009345794392523,2748.57
2026-10-04,Facebook,628.7,9363.0,836.0,8.93,44,5.263157894736842,
2027-07-22,Google,239.28,3118.0,286.0,9.17,24,8.391608391608392,1901.66
2027-05-03,Facebook,422.77,4925.0,442.0,8.97,27,6.108597285067873,2260.69
2027-04-04,Facebook,,4967.0,406.0,8.17,18,4.433497536945813,1819.14
2027-07-27,Google,522.86,4252.0,437.0,10.28,33,7.551487414187644,3724.58
2026-09-17,Google,619.53,5955.0,199.0,3.34,20,10.050251256281408,1886.67
2027-05-06,Facebook,451.56,6522.0,274.0,4.2,16,5.839416058394161,1699.74
2027-08-09,Google,473.18,4512.0,158.0,3.5,17,10.759493670886076,1527.51
2026-01-22,Facebook,666.11,,823.0,9.51,48,5.83232077764277,5201.34
2027-09-20,Facebook,425.28,4395.0,182.0,4.14,11,6.043956043956044,895.06
2026-05-25,Google,241.65,2937.0,262.0,8.92,11,4.198473282442748,561.79
2025-09-25,Google,310.83,4548.0,343.0,7.54,36,10.495626822157435,3067.06
2027-04-17,Google,535.85,,419.0,9.27,34,8.1145584725537,3271.15
2026-03-18,Google,537.18,,,3.82,15,7.614213197969544,1292.32
2026-05-12,Google,778.32,11572.0,358.0,3.09,32,8.938547486033519,2564.35
2025-04-23,Google,628.0,7863.0,412.0,5.24,24,5.825242718446602,1687.11
2026-11-23,Facebook,426.83,3448.0,274.0,7.95,9,3.2846715328467155,932.79
2025-08-21,Google,749.03,9598.0,349.0,3.64,21,6.017191977077363,2386.9
2027-06-06,Google,380.08,3464.0,242.0,6.99,20,8.264462809917356,1185.99
2026-08-31,Facebook,687.38,8648.0,592.0,6.85,41,6.925675675675675,4287.82
2026-11-03,Google,704.27,9882.0,669.0,6.77,48,7.174887892376682,3136.95
2026-01-09,Google,341.23,4300.0,481.0,11.19,40,8.316008316008316,2018.03
2027-01-08,Google,575.7,5945.0,620.0,10.43,53,8.548387096774194,4807.69
2027-05-10,Facebook,371.9,3934.0,348.0,8.85,18,5.172413793103448,1492.71
2025-08-22,Facebook,417.3,5449.0,266.0,4.88,18,6.7669172932330826,2114.52
2027-03-13,Facebook,637.84,5171.0,437.0,8.45,22,5.034324942791762,1875.96
2026-11-08,Facebook,590.4,6110.0,199.0,3.26,16,8.040201005025125,
2025-11-14,Facebook,260.22,2660.0,146.0,5.49,6,4.10958904109589,494.18
2026-10-11,Google,473.45,6138.0,353.0,5.75,35,9.91501416430595,1715.95
2026-02-15,Facebook,512.65,6532.0,761.0,11.65,40,5.256241787122208,4563.82
2027-07-05,Facebook,732.67,8441.0,402.0,4.76,24,5.970149253731343,1821.37
2026-12-11,Google,651.51,9158.0,639.0,6.98,52,8.137715179968701,2450.28
2025-12-25,Google,571.69,4766.0,469.0,9.84,25,5.330490405117271,2184.99
2025-09-16,Google,526.93,4542.0,489.0,10.77,44,8.997955010224949,3873.88
2027-01-15,Facebook,455.34,4276.0,386.0,9.03,28,7.253886010362693,1999.96
2026-09-20,Google,680.16,10044.0,1185.0,11.8,82,6.919831223628692,5955.79
2026-09-25,Google,554.71,6078.0,549.0,9.03,47,8.561020036429873,1885.37
2025-10-10,Facebook,637.85,8690.0,868.0,9.99,64,7.373271889400922,57319.6
2026-01-12,Google,417.42,3969.0,,3.45,18,13.138686131386862,1039.36
2026-01-20,Google,622.71,7792.0,400.0,5.13,32,8.0,3254.97
2025-08-13,Facebook,583.79,4925.0,296.0,6.01,18,6.081081081081082,22281.6
2027-09-01,Facebook,,4000.0,264.0,6.6,14,5.303030303030303,1223.58
2027-08-24,Facebook,528.6,4655.0,165.0,3.54,8,4.848484848484849,715.89
2026-04-18,Facebook,260.75,3377.0,,6.84,14,6.0606060606060606,
2025-12-14,Facebook,409.49,3754.0,231.0,6.15,12,5.194805194805195,1215.7
2026-05-21,Facebook,340.25,5058.0,182.0,3.6,12,6.593406593406594,1145.16
2026-10-02,Facebook,560.94,8029.0,259.0,3.23,14,5.405405405405405,738.92
2026-05-29,Google,600.62,5604.0,454.0,8.1,36,7.929515418502203,2413.44
2027-03-09,Google,639.77,7749.0,753.0,9.72,68,9.03054448871182,4960.99
2027-08-05,Facebook,435.68,,263.0,6.21,14,5.323193916349809,733.42
2027-07-12,Google,576.17,6380.0,240.0,3.76,23,9.583333333333334,2636.07
2026-09-12,Google,421.17,3530.0,259.0,7.34,14,5.405405405405405,686.83
2027-05-23,Google,523.33,7207.0,837.0,11.61,83,9.91636798088411,9485.29
2027-04-01,Google,478.05,6245.0,729.0,11.67,50,6.858710562414267,4692.03
2026-10-08,Google,264.04,3334.0,154.0,4.62,10,6.493506493506493,11716.6
2027-05-14,Facebook,554.28,6197.0,620.0,10.0,33,5.32258064516129,2120.47
2026-07-11,Facebook,426.39,,447.0,7.27,19,4.250559284116331,1604.05
2027-09-05,Facebook,614.34,4992.0,323.0,6.47,18,5.572755417956656,2001.24
2026-08-01,Google,547.02,6603.0,349.0,5.29,23,6.59025787965616,1462.25
2027-03-07,Google,495.72,7029.0,358.0,5.09,36,10.05586592178771,4063.2
2025-03-27,Facebook,453.48,6312.0,527.0,8.35,25,4.743833017077799,1674.42
2025-08-31,Google,497.08,4007.0,469.0,11.7,35,7.462686567164178,2675.3
2026-11-30,Facebook,393.5,4653.0,481.0,10.34,27,5.613305613305614,2121.61
2025-06-09,Google,432.31,4373.0,386.0,8.83,36,9.32642487046632,3060.45
2026-06-09,Google,564.38,5492.0,506.0,9.21,42,8.300395256916996,4699.29
2025-02-05,Google,321.73,4181.0,,3.59,15,10.0,1468.0
2026-06-25,Google,506.8,6640.0,478.0,7.2,32,6.694560669456067,2167.6
2025-06-20,Google,471.05,5232.0,392.0,7.49,38,9.693877551020408,4413.18
2026-10-17,Facebook,479.95,4731.0,464.0,9.81,29,6.25,2869.36
2027-06-27,Facebook,524.14,5391.0,516.0,9.57,39,7.55813953488372,2034.95
2027-05-25,Facebook,540.62,6004.0,458.0,7.63,28,6.11353711790393,2614.16
2027-05-15,Facebook,372.51,4623.0,187.0,4.04,12,6.417112299465241,892.27
2027-08-21,Facebook,508.41,7165.0,591.0,8.25,23,3.8917089678511,2112.51
2027-01-04,Google,276.02,3722.0,188.0,5.05,9,4.787234042553192,595.44
2025-04-06,Facebook,715.35,10017.0,690.0,6.89,38,5.507246376811594,2634.32
2026-07-18,Facebook,642.88,6756.0,244.0,3.61,22,9.01639344262295,908.38
2025-08-29,Google,562.74,5331.0,626.0,11.74,52,8.30670926517572,3079.42
2027-01-13,Google,472.82,6004.0,,9.63,48,8.304498269896193,3964.26
2026-07-29,Google,430.82,6060.0,626.0,10.33,51,8.146964856230031,4740.39
2026-11-22,Facebook,643.6,8928.0,568.0,6.36,32,5.633802816901409,26256.399999999998
2026-04-06,Facebook,454.5,5475.0,491.0,8.97,33,6.720977596741344,3272.45
2026-07-08,Google,678.89,7197.0,658.0,9.14,60,9.118541033434651,6521.98
2027-06-15,Facebook,461.32,4624.0,418.0,9.04,31,7.4162679425837315,1434.77
2025-07-26,Facebook,680.41,9071.0,991.0,10.92,57,5.751765893037336,4408.08
2026-01-28,Facebook,,4500.0,459.0,10.2,29,6.318082788671024,2339.67
2027-03-06,Facebook,555.97,7314.0,675.0,9.23,35,5.185185185185185,
2026-02-02,Facebook,488.2,5201.0,266.0,5.11,16,6.015037593984962,839.29
2027-02-06,Google,380.19,3756.0,390.0,10.38,27,6.923076923076923,1402.7
2027-05-16,Google,551.4,5369.0,161.0,3.0,12,7.453416149068323,931.88
2025-08-06,Google,576.9,8476.0,277.0,3.27,22,7.9422382671480145,1383.85
2025-01-05,Facebook,567.17,6962.0,250.0,3.59,10,4.0,807.78
2027-02-08,Facebook,591.93,7456.0,746.0,10.01,42,5.630026809651475,3227.56
2026-10-05,Facebook,456.21,6058.0,556.0,9.18,30,5.39568345323741,3102.82
2027-07-04,Google,515.17,,651.0,10.64,52,7.987711213517665,3182.26
2026-09-05,Google,741.61,8140.0,640.0,7.86,48,7.5,2538.18
2027-01-09,Facebook,377.1,3166.0,286.0,9.03,18,6.293706293706294,823.55
2026-07-01,Facebook,387.28,3419.0,356.0,10.41,27,7.584269662921349,1408.28
2026-12-27,Google,445.61,4462.0,291.0,6.52,30,10.309278350515463,2277.24
2026-11-15,Google,397.94,4565.0,300.0,6.57,19,6.333333333333334,1975.53
2025-04-09,Facebook,498.03,5095.0,168.0,3.3,7,4.166666666666666,727.13
2027-03-16,Facebook,551.46,,590.0,9.6,46,7.796610169491526,3323.18
2026-12-29,Google,614.64,6435.0,305.0,4.74,17,5.573770491803279,777.56
2026-07-28,Google,591.1,5453.0,572.0,10.49,43,7.517482517482517,4268.64
2026-02-11,Facebook,382.1,3083.0,307.0,9.96,20,6.514657980456026,1384.59
2026-05-18,Facebook,584.97,8575.0,348.0,4.06,22,6.321839080459771,2320.31
2025-02-17,Google,437.26,5599.0,266.0,4.75,17,6.390977443609022,873.37
2025-02-02,Facebook,673.64,7378.0,,10.23,52,6.887417218543046,
2027-02-19,Google,467.47,4614.0,181.0,3.92,10,5.524861878453039,559.66
2027-04-20,Google,637.81,7811.0,709.0,9.08,66,9.30888575458392,4750.52
2025-07-20,Google,594.3,,419.0,6.19,39,9.307875894988067,3262.74
2025-05-15,Google,488.56,4455.0,440.0,9.88,34,7.727272727272727,3045.26
2025-01-28,facebook,442.55,5715.0,175.0,3.06,12,6.857142857142858,1388.34
2027-08-06,Google,596.97,5017.0,562.0,11.2,53,9.430604982206406,2895.59
2025-08-19,Google,658.09,5352.0,201.0,3.76,21,10.44776119402985,903.05
2026-05-05,Google,648.33,7150.0,813.0,11.37,69,8.487084870848708,6977.81
2027-02-12,Facebook,394.64,3365.0,,11.0,24,6.486486486486487,1904.14
2026-01-14,Google,617.81,7570.0,602.0,7.95,43,7.142857142857142,2412.04
2025-10-16,Facebook,443.88,4253.0,468.0,11.0,27,5.769230769230769,1183.21
2026-02-23,Google,,7055.0,813.0,11.52,64,7.872078720787208,3525.12
2026-11-06,Facebook,567.86,5318.0,434.0,8.16,20,4.6082949308755765,2338.58
2026-01-27,Facebook,533.74,4486.0,287.0,6.4,17,5.923344947735192,1766.75
2026-08-16,Facebook,335.37,,326.0,8.01,23,7.05521472392638,2496.93
2026-05-14,Google,523.05,7310.0,746.0,10.21,61,8.176943699731904,
2025-05-19,Facebook,446.43,4475.0,,10.53,29,6.1571125265392785,1439.52
2025-03-04,Google,365.27,4440.0,258.0,5.81,16,6.2015503875969,668.14
2026-04-17,Google,600.02,8538.0,519.0,6.08,48,9.248554913294797,5200.89
2026-10-10,Google,367.61,4342.0,217.0,5.0,18,8.294930875576037,1192.69
2025-05-09,Facebook,577.46,6662.0,669.0,10.04,28,4.185351270553064,2158.93
2027-09-24,Google,426.59,5965.0,291.0,4.88,22,7.560137457044673,
2026-06-05,Google,419.83,5584.0,384.0,6.88,44,11.458333333333332,3500.98
2027-04-19,Google,448.84,5892.0,596.0,10.12,50,8.389261744966444,4125.36
2027-09-10,Facebook,509.05,6311.0,651.0,10.32,36,5.529953917050691,2193.61
2025-03-06,Facebook,519.97,6475.0,319.0,4.93,20,6.269592476489027,2060.86
2027-03-24,facebook,552.39,4451.0,237.0,5.32,13,5.485232067510549,
2025-01-15,Facebook,370.27,5042.0,347.0,6.88,25,7.204610951008646,1821.0
2025-06-06,Google,377.45,5032.0,246.0,4.89,29,11.788617886178862,3117.34
2025-02-10,Facebook,437.93,6020.0,615.0,10.22,38,6.178861788617886,2276.89
2026-05-08,Facebook,368.92,4101.0,365.0,8.9,25,6.8493150684931505,1203.69
2026-01-15,Facebook,461.02,4641.0,322.0,6.94,22,6.832298136645963,1020.91
2025-07-07,Google,716.11,9348.0,869.0,9.3,48,5.523590333716916,5025.79
2027-02-03,Google,445.15,4384.0,211.0,4.81,19,9.004739336492891,2176.23
2025-08-05,Facebook,715.72,8599.0,1029.0,11.97,62,6.025267249757046,4765.13
2027-03-03,Google,349.49,3055.0,167.0,5.47,17,10.179640718562874,972.89
2025-02-22,Google,379.5,3357.0,281.0,8.37,24,8.540925266903916,1942.92
2027-05-29,Facebook,379.21,3182.0,269.0,8.45,12,4.4609665427509295,517.25
2025-12-04,Google,493.09,7085.0,769.0,10.85,58,7.542262678803641,3931.42
2027-01-19,facebook,441.34,4389.0,193.0,4.4,19,9.844559585492227,1524.67
2026-12-21,Google,571.1,7898.0,427.0,5.41,36,8.430913348946136,1920.82
2026-12-26,GOOGLE,479.58,,188.0,3.31,10,5.319148936170213,733.03
2025-10-23,Google,440.75,6267.0,660.0,10.53,62,9.393939393939393,7020.46
2026-12-03,Facebook,455.26,,370.0,7.05,15,4.054054054054054,1758.92
2025-09-09,Facebook,,2697.0,167.0,6.19,13,7.784431137724551,1468.7
2026-12-28,Facebook,583.57,5921.0,549.0,9.27,24,4.371584699453552,2110.1
2026-04-07,Google,475.57,4293.0,287.0,6.69,25,8.710801393728223,1173.24
2026-04-01,Facebook,696.69,6672.0,690.0,10.34,40,5.797101449275362,2466.19
2025-10-08,Google,592.6,5704.0,465.0,8.15,33,7.096774193548387,1857.27
2027-03-27,Google,378.83,5015.0,342.0,6.82,17,4.970760233918129,1722.17
2027-05-13,Google,490.44,6626.0,633.0,9.55,47,7.424960505529225,5047.93
2025-09-27,Facebook,665.61,9775.0,842.0,8.61,54,6.413301662707839,
2025-07-21,facebook,551.05,7739.0,268.0,3.46,15,5.597014925373134,1031.31
2025-06-11,Google,604.69,5661.0,534.0,9.43,37,6.928838951310862,3592.28
2026-07-10,Facebook,459.55,6102.0,200.0,3.28,23,11.5,1385.89
2026-12-31,Facebook,677.3,,373.0,5.33,16,4.289544235924933,1832.31
2026-02-06,Google,667.04,7267.0,471.0,6.48,37,7.855626326963907,2033.25
2026-12-04,Facebook,707.24,9214.0,556.0,6.03,28,5.0359712230215825,1602.2
2026-04-22,Facebook,700.71,,677.0,7.78,41,6.056129985228951,4660.08
2027-04-02,GOOGLE,664.99,5362.0,,3.45,17,9.18918918918919,743.87
2027-02-11,Google,475.56,4060.0,136.0,3.35,7,5.147058823529411,494.8
2025-04-16,Facebook,721.6,6615.0,733.0,11.08,38,5.184174624829468,4517.24
2026-07-20,Google,321.81,3116.0,126.0,4.04,10,7.936507936507936,681.37
2026-01-25,Google,602.41,6031.0,333.0,5.52,22,6.606606606606606,2257.81
2025-01-02,Google,339.76,,358.0,10.21,30,8.379888268156424,3598.71
2027-09-18,Google,505.23,7024.0,464.0,6.61,36,7.758620689655173,2615.16
2027-01-11,Facebook,646.52,9446.0,620.0,6.56,40,6.451612903225806,4664.85
2026-07-16,Facebook,500.37,4882.0,393.0,8.05,21,5.343511450381679,1359.74
2027-07-21,Google,485.55,3891.0,291.0,7.48,29,9.965635738831615,2282.41
2025-03-22,Google,524.35,4646.0,275.0,5.92,25,9.090909090909092,2840.08
2025-07-25,Facebook,361.0,3401.0,287.0,8.44,19,6.620209059233449,1381.22
2025-02-04,Google,623.82,8953.0,710.0,7.93,52,7.323943661971831,5172.35
2027-02-15,Facebook,,,230.0,4.89,13,5.6521739130434785,523.8
2026-05-24,Google,367.6,4065.0,133.0,3.27,11,8.270676691729323,802.58
2026-03-04,Google,420.45,4457.0,383.0,8.59,26,6.7885117493472595,1959.5
2026-03-31,Facebook,403.56,4261.0,474.0,11.12,18,3.79746835443038,2044.85
2026-01-02,GOOGLE,368.45,3901.0,407.0,10.43,29,7.125307125307126,2144.54
2025-04-02,Google,404.2,5465.0,256.0,4.68,24,9.375,1633.36
2025-12-06,GOOGLE,626.08,9233.0,495.0,5.36,40,8.080808080808081,3795.49
2027-06-17,Google,682.56,6654.0,388.0,5.83,33,8.505154639175258,3293.8
2026-07-19,Facebook,613.95,7733.0,522.0,6.75,43,8.237547892720306,3001.94
2025-12-12,Google,362.44,4685.0,,4.35,15,7.352941176470589,684.66
2027-02-16,Facebook,609.63,7433.0,734.0,9.87,55,7.493188010899182,3608.26
2025-08-30,Google,431.16,6338.0,623.0,9.83,48,7.704654895666131,
2025-01-14,Facebook,346.79,3596.0,368.0,10.23,23,6.25,1108.29
2025-11-12,Google,490.31,4108.0,334.0,8.13,31,9.281437125748502,1524.56
2026-08-24,Facebook,581.35,6713.0,755.0,11.25,43,5.695364238410596,4566.88
2026-01-23,Facebook,567.67,5332.0,213.0,3.99,8,3.755868544600939,757.23
2025-10-01,Google,531.28,6112.0,436.0,7.13,36,8.256880733944955,2240.33
2025-06-16,Facebook,316.94,3772.0,343.0,9.09,26,7.580174927113703,3050.51
2027-04-21,Facebook,513.59,6527.0,,9.12,43,7.226890756302522,5000.74
2026-09-29,Google,506.84,6952.0,698.0,10.04,53,7.593123209169055,6356.64
2026-10-09,Google,746.74,6384.0,549.0,8.6,43,7.832422586520947,4751.66
2027-03-30,Facebook,502.5,4930.0,,5.66,24,8.60215053763441,2518.98
2026-04-30,Google,520.32,4440.0,351.0,7.91,36,10.256410256410255,1811.71
2026-06-06,Facebook,619.05,5652.0,346.0,6.12,25,7.225433526011561,2789.5
2026-05-20,Google,405.68,5266.0,259.0,4.92,22,8.494208494208493,2301.78
2027-04-12,Facebook,312.42,2529.0,168.0,6.64,6,3.571428571428571,243.41
2025-09-01,Facebook,757.07,11344.0,789.0,6.96,56,7.097591888466413,4848.01
2026-07-21,Facebook,193.53,1807.0,153.0,8.47,13,8.49673202614379,1085.22
2027-05-26,facebook,464.55,3787.0,142.0,3.75,5,3.5211267605633805,564.63
2026-07-17,Facebook,552.43,6600.0,622.0,9.42,36,5.787781350482315,3439.1
2027-08-31,Google,421.51,4528.0,280.0,6.18,22,7.857142857142857,1507.83
2026-11-18,Google,700.39,9457.0,517.0,5.47,30,5.802707930367505,2000.89
2027-08-16,Facebook,371.86,4787.0,,7.08,20,5.899705014749262,1981.27
2025-07-09,Facebook,328.31,4625.0,,10.21,28,5.932203389830509,2294.33
2027-02-22,Facebook,209.09,2039.0,184.0,9.02,14,7.608695652173914,854.01
2026-12-01,Facebook,4475.1,6609.0,751.0,11.36,34,4.527296937416778,2775.28
2026-04-21,Google,354.84,2858.0,274.0,9.59,26,9.48905109489051,1564.16
2026-11-13,Facebook,353.08,4213.0,141.0,3.35,5,3.546099290780142,385.74
2026-05-26,Google,546.63,4652.0,362.0,7.78,31,8.56353591160221,2891.1
2025-02-28,Facebook,618.12,9019.0,655.0,7.26,35,5.343511450381679,3061.79
2026-04-20,Google,647.32,5846.0,238.0,4.07,18,7.563025210084033,889.2
2026-07-15,Google,519.27,7016.0,823.0,11.73,55,6.682867557715674,6003.37
2027-05-07,Facebook,,4659.0,179.0,3.84,13,7.262569832402235,1322.09
2027-01-18,Google,685.19,5967.0,712.0,11.93,60,8.426966292134832,6998.3
2025-09-10,Google,547.91,7272.0,659.0,9.06,46,6.980273141122914,2610.4
2025-01-22,Facebook,438.07,5396.0,195.0,3.61,14,7.179487179487179,1541.04
2025-11-10,Google,506.23,4524.0,405.0,8.95,38,9.382716049382717,3228.92
2026-04-05,Facebook,695.41,9366.0,460.0,4.91,34,7.391304347826087,3921.98
2025-06-10,Facebook,346.36,3399.0,348.0,10.24,17,4.885057471264368,1716.58
2025-10-04,Google,496.93,4150.0,145.0,3.49,15,10.344827586206897,1128.72
2027-08-14,Facebook,306.04,3367.0,220.0,6.53,13,5.909090909090909,1182.9
2025-07-11,Google,418.27,5660.0,442.0,7.81,33,7.46606334841629,2031.32
2026-01-21,Google,792.77,,294.0,3.45,28,9.523809523809524,3169.91
2027-03-17,Google,583.17,,520.0,6.06,46,8.846153846153847,4228.89
2026-02-18,Google,538.37,7219.0,389.0,5.39,34,8.740359897172237,2040.98
2026-05-07,Google,573.1,5249.0,425.0,8.1,36,8.470588235294118,1544.66
2025-12-10,Facebook,362.84,3887.0,336.0,8.64,16,4.761904761904762,710.86
2027-02-09,Google,647.23,9565.0,300.0,3.14,31,10.333333333333334,3473.89
2025-11-05,Google,468.91,4220.0,312.0,7.39,26,8.333333333333332,2540.61
2026-10-24,Google,640.82,7409.0,623.0,8.41,42,6.741573033707865,2741.54
2025-05-11,Facebook,463.07,,287.0,5.8,21,7.317073170731707,1406.96
2026-10-26,Facebook,344.38,5004.0,255.0,5.1,17,6.666666666666667,1869.66
2027-05-22,Facebook,539.1,4554.0,485.0,10.65,27,5.567010309278351,1260.1
2025-04-10,Facebook,642.61,7759.0,846.0,10.9,52,6.1465721040189125,5022.07
2026-01-08,Facebook,,4014.0,342.0,8.52,26,7.602339181286549,3049.32
2025-03-29,Google,540.13,5946.0,532.0,8.95,39,7.330827067669173,1719.82
2026-04-04,Facebook,568.28,7022.0,,3.06,10,4.651162790697675,1105.37
2025-11-27,Facebook,477.12,5020.0,402.0,8.01,22,5.472636815920398,1637.4
2025-08-03,Google,379.81,5238.0,292.0,5.57,22,7.534246575342466,1176.1
2026-04-12,Facebook,504.09,4949.0,288.0,5.82,17,5.902777777777778,939.84
2025-05-02,Google,452.8,4313.0,,11.96,37,7.170542635658915,3671.91
2026-09-07,Google,456.16,4057.0,279.0,6.88,22,7.885304659498208,2541.04
2025-01-21,Google,612.59,5274.0,335.0,6.35,22,6.567164179104477,1070.78
2026-12-02,Google,586.69,4905.0,189.0,3.85,15,7.936507936507936,1770.29
2025-03-13,Facebook,433.34,3668.0,,6.43,15,6.3559322033898304,1724.98
2025-04-17,Facebook,570.07,6278.0,690.0,10.99,44,6.3768115942028984,4508.0
2025-09-28,Google,424.93,4953.0,270.0,5.45,19,7.037037037037037,1900.24
2027-05-11,Google,502.91,7175.0,282.0,3.93,24,8.51063829787234,2754.86
2026-03-12,Google,649.73,8759.0,920.0,10.5,63,6.8478260869565215,2786.8
2025-04-13,Facebook,441.27,5709.0,191.0,3.35,15,7.853403141361256,726.97
